来源键,来源组,原标题,原状态,原审计状态,处理,承接切片,理由,当前完成判断
RECORD-0928:AA-00,RECORD-0928,重新绑定 current main,UNVERIFIED_IN_THIS_HANDOFF,PARTIAL_CURRENT_BASELINE_READBACK,MERGE_VALID_CLAUSES,UF00;G01;UF13,复用既有能力与真实验收条件，不用原日期状态推定当前完成。,UNVERIFIED
RECORD-0928:AA-01,RECORD-0928,最小状态对齐,UNVERIFIED_IN_THIS_HANDOFF,PARTIAL_CURRENT_BASELINE_READBACK,MERGE_VALID_CLAUSES,UF00;G01;UF13,复用既有能力与真实验收条件，不用原日期状态推定当前完成。,UNVERIFIED
RECORD-0928:AA-UI-01,RECORD-0928,正式 Information Architecture,UNVERIFIED_IN_THIS_HANDOFF,OPEN_OR_PARTIAL_REQUIRES_GOLDEN_JOURNEY,MERGE_VALID_CLAUSES,UF01;UF02;UF03;UF13;UF11;CB04,复用既有能力与真实验收条件，不用原日期状态推定当前完成。,UNVERIFIED
RECORD-0928:AA-UI-02,RECORD-0928,Global Command / Menu / Context Navigation,UNVERIFIED_IN_THIS_HANDOFF,OPEN_OR_PARTIAL_REQUIRES_GOLDEN_JOURNEY,MERGE_VALID_CLAUSES,UF01;UF02;UF03;UF13,复用既有能力与真实验收条件，不用原日期状态推定当前完成。,UNVERIFIED
RECORD-0928:AA-UI-03,RECORD-0928,Import / Capture,UNVERIFIED_IN_THIS_HANDOFF,OPEN_OR_PARTIAL_REQUIRES_GOLDEN_JOURNEY,MERGE_VALID_CLAUSES,UF03;CB03;CB04;UF11;UF01;UF02;UF13,复用既有能力与真实验收条件，不用原日期状态推定当前完成。,UNVERIFIED
RECORD-0928:AA-UI-04,RECORD-0928,Library / Reader / Evidence,UNVERIFIED_IN_THIS_HANDOFF,OPEN_OR_PARTIAL_REQUIRES_GOLDEN_JOURNEY,MERGE_VALID_CLAUSES,UF03;CB03;CB04;UF11;UF01;UF02;UF13,复用既有能力与真实验收条件，不用原日期状态推定当前完成。,UNVERIFIED
RECORD-0928:AA-UI-05,RECORD-0928,Knowledge,UNVERIFIED_IN_THIS_HANDOFF,OPEN_OR_PARTIAL_REQUIRES_GOLDEN_JOURNEY,MERGE_VALID_CLAUSES,UF03;CB03;UF01;UF02;UF13,复用既有能力与真实验收条件，不用原日期状态推定当前完成。,UNVERIFIED
RECORD-0928:AA-UI-06,RECORD-0928,Search,UNVERIFIED_IN_THIS_HANDOFF,OPEN_OR_PARTIAL_REQUIRES_GOLDEN_JOURNEY,MERGE_VALID_CLAUSES,UF03;UF08;UF01;UF02;UF13,复用既有能力与真实验收条件，不用原日期状态推定当前完成。,UNVERIFIED
RECORD-0928:AA-UI-07,RECORD-0928,Learning Plan / Course / Artifact,UNVERIFIED_IN_THIS_HANDOFF,OPEN_OR_PARTIAL_REQUIRES_GOLDEN_JOURNEY,MERGE_VALID_CLAUSES,UF05;UF07;UF12;FT01;FT02;UF01;UF02;UF03;UF13,复用既有能力与真实验收条件，不用原日期状态推定当前完成。,UNVERIFIED
RECORD-0928:AA-UI-08,RECORD-0928,Assessment / Review / Mastery,UNVERIFIED_IN_THIS_HANDOFF,OPEN_OR_PARTIAL_REQUIRES_GOLDEN_JOURNEY,MERGE_VALID_CLAUSES,UF05;UF07;UF01;UF02;UF03;UF13,复用既有能力与真实验收条件，不用原日期状态推定当前完成。,UNVERIFIED
RECORD-0928:AA-UI-09,RECORD-0928,Machine Task / Correction / Retest,UNVERIFIED_IN_THIS_HANDOFF,OPEN_OR_PARTIAL_REQUIRES_GOLDEN_JOURNEY,MERGE_VALID_CLAUSES,UF09;UF01;UF02;UF03;UF13,复用既有能力与真实验收条件，不用原日期状态推定当前完成。,UNVERIFIED
RECORD-0928:AA-UI-10,RECORD-0928,Backup / Restore / Migration / Recovery,UNVERIFIED_IN_THIS_HANDOFF,OPEN_OR_PARTIAL_REQUIRES_GOLDEN_JOURNEY,MERGE_VALID_CLAUSES,CB01;UF04;CB04;S01;UF01;UF02;UF03;UF13,复用既有能力与真实验收条件，不用原日期状态推定当前完成。,UNVERIFIED
RECORD-0928:AA-UI-11,RECORD-0928,UI 状态矩阵,UNVERIFIED_IN_THIS_HANDOFF,OPEN_OR_PARTIAL_REQUIRES_GOLDEN_JOURNEY,MERGE_VALID_CLAUSES,UF01;UF02;UF03;UF13,复用既有能力与真实验收条件，不用原日期状态推定当前完成。,UNVERIFIED
RECORD-0928:AA-UI-12,RECORD-0928,交互与动画,UNVERIFIED_IN_THIS_HANDOFF,OPEN_OR_PARTIAL_REQUIRES_GOLDEN_JOURNEY,MERGE_VALID_CLAUSES,UF01;UF02;UF03;UF13;UF12,复用既有能力与真实验收条件，不用原日期状态推定当前完成。,UNVERIFIED
RECORD-0928:AA-UI-13,RECORD-0928,ICON / PNG / GIF / Illustration,UNVERIFIED_IN_THIS_HANDOFF,OPEN_OR_PARTIAL_REQUIRES_GOLDEN_JOURNEY,MERGE_VALID_CLAUSES,O01;UF09;UF10;UF01;UF02;UF03;UF13;UF12,复用既有能力与真实验收条件，不用原日期状态推定当前完成。,UNVERIFIED
RECORD-0928:AA-UI-14,RECORD-0928,Accessibility / Native Acceptance,UNVERIFIED_IN_THIS_HANDOFF,OPEN_OR_PARTIAL_REQUIRES_GOLDEN_JOURNEY,MERGE_VALID_CLAUSES,UF01;UF02;UF03;UF13;M01,复用既有能力与真实验收条件，不用原日期状态推定当前完成。,UNVERIFIED
RECORD-0928:AA-BE-01,RECORD-0928,Provider Consumption Contract,UNVERIFIED_IN_THIS_HANDOFF,OPEN_OR_PARTIAL_REQUIRES_GOLDEN_JOURNEY,MERGE_VALID_CLAUSES,O01;UF09;UF10;UF11;CB02;UF02,复用既有能力与真实验收条件，不用原日期状态推定当前完成。,UNVERIFIED
RECORD-0928:AA-BE-02,RECORD-0928,多格式 Intake 统一合同,UNVERIFIED_IN_THIS_HANDOFF,OPEN_OR_PARTIAL_REQUIRES_GOLDEN_JOURNEY,MERGE_VALID_CLAUSES,CB04;UF11;CB02;UF02,复用既有能力与真实验收条件，不用原日期状态推定当前完成。,UNVERIFIED
RECORD-0928:AA-BE-03,RECORD-0928,OCR,UNVERIFIED_IN_THIS_HANDOFF,OPEN_OR_PARTIAL_REQUIRES_GOLDEN_JOURNEY,MERGE_VALID_CLAUSES,CB04;UF11,复用既有能力与真实验收条件，不用原日期状态推定当前完成。,UNVERIFIED
RECORD-0928:AA-BE-04,RECORD-0928,ASR,UNVERIFIED_IN_THIS_HANDOFF,OPEN_OR_PARTIAL_REQUIRES_GOLDEN_JOURNEY,MERGE_VALID_CLAUSES,CB04;UF11,复用既有能力与真实验收条件，不用原日期状态推定当前完成。,UNVERIFIED
RECORD-0928:AA-BE-05,RECORD-0928,Retrieval,UNVERIFIED_IN_THIS_HANDOFF,OPEN_OR_PARTIAL_REQUIRES_GOLDEN_JOURNEY,MERGE_VALID_CLAUSES,UF03;UF08,复用既有能力与真实验收条件，不用原日期状态推定当前完成。,UNVERIFIED
RECORD-0928:AA-BE-06,RECORD-0928,General Learning,UNVERIFIED_IN_THIS_HANDOFF,OPEN_OR_PARTIAL_REQUIRES_GOLDEN_JOURNEY,MERGE_VALID_CLAUSES,UF05;UF07;UF12;FT01;FT02,复用既有能力与真实验收条件，不用原日期状态推定当前完成。,UNVERIFIED
RECORD-0928:AA-BE-07,RECORD-0928,Human Learning,UNVERIFIED_IN_THIS_HANDOFF,OPEN_OR_PARTIAL_REQUIRES_GOLDEN_JOURNEY,MERGE_VALID_CLAUSES,UF05;UF07,复用既有能力与真实验收条件，不用原日期状态推定当前完成。,UNVERIFIED
RECORD-0928:AA-BE-08,RECORD-0928,Real Local Machine Loop,UNVERIFIED_IN_THIS_HANDOFF,OPEN_OR_PARTIAL_REQUIRES_GOLDEN_JOURNEY,MERGE_VALID_CLAUSES,UF09,复用既有能力与真实验收条件，不用原日期状态推定当前完成。,UNVERIFIED
RECORD-0928:AA-BE-09,RECORD-0928,Backup / Restore,UNVERIFIED_IN_THIS_HANDOFF,OPEN_OR_PARTIAL_REQUIRES_GOLDEN_JOURNEY,MERGE_VALID_CLAUSES,CB01;UF04;CB04;S01,复用既有能力与真实验收条件，不用原日期状态推定当前完成。,UNVERIFIED
RECORD-0928:AA-BE-10,RECORD-0928,Legacy Copy Migration,UNVERIFIED_IN_THIS_HANDOFF,OPEN_OR_PARTIAL_REQUIRES_GOLDEN_JOURNEY,MERGE_VALID_CLAUSES,CB01;UF04;CB04;S01,复用既有能力与真实验收条件，不用原日期状态推定当前完成。,UNVERIFIED
RECORD-0928:AA-CLEAN-01,RECORD-0928,Repository Forensic Volume Audit,UNVERIFIED_IN_THIS_HANDOFF,PAUSED_BY_USER_CLEANUP_STOP,MERGE_VALID_CLAUSES,S01,复用既有能力与真实验收条件，不用原日期状态推定当前完成。,UNVERIFIED
RECORD-0928:AA-CLEAN-02,RECORD-0928,Green Forensic Volume Audit,UNVERIFIED_IN_THIS_HANDOFF,PAUSED_BY_USER_CLEANUP_STOP,MERGE_VALID_CLAUSES,S01;UF13;M01,复用既有能力与真实验收条件，不用原日期状态推定当前完成。,UNVERIFIED
RECORD-0928:AA-CLEAN-03,RECORD-0928,Path / Spill Trace,UNVERIFIED_IN_THIS_HANDOFF,PAUSED_BY_USER_CLEANUP_STOP,MERGE_VALID_CLAUSES,S01,复用既有能力与真实验收条件，不用原日期状态推定当前完成。,UNVERIFIED
RECORD-0928:AA-CLEAN-04,RECORD-0928,Cleanup Classes,UNVERIFIED_IN_THIS_HANDOFF,PAUSED_BY_USER_CLEANUP_STOP,MERGE_VALID_CLAUSES,S01,复用既有能力与真实验收条件，不用原日期状态推定当前完成。,UNVERIFIED
RECORD-0928:GJ-01,RECORD-0928,多格式真实输入,UNVERIFIED_IN_THIS_HANDOFF,OPEN_OR_PARTIAL_REQUIRES_GOLDEN_JOURNEY,MERGE_VALID_CLAUSES,CB04;UF11,复用既有能力与真实验收条件，不用原日期状态推定当前完成。,UNVERIFIED
RECORD-0928:GJ-02,RECORD-0928,Source 到 Knowledge,UNVERIFIED_IN_THIS_HANDOFF,OPEN_OR_PARTIAL_REQUIRES_GOLDEN_JOURNEY,MERGE_VALID_CLAUSES,UF03;CB03;CB04;UF11,复用既有能力与真实验收条件，不用原日期状态推定当前完成。,UNVERIFIED
RECORD-0928:GJ-03,RECORD-0928,Search,UNVERIFIED_IN_THIS_HANDOFF,OPEN_OR_PARTIAL_REQUIRES_GOLDEN_JOURNEY,MERGE_VALID_CLAUSES,UF03;UF08,复用既有能力与真实验收条件，不用原日期状态推定当前完成。,UNVERIFIED
RECORD-0928:GJ-04,RECORD-0928,Human Learning,UNVERIFIED_IN_THIS_HANDOFF,OPEN_OR_PARTIAL_REQUIRES_GOLDEN_JOURNEY,MERGE_VALID_CLAUSES,UF05;UF07,复用既有能力与真实验收条件，不用原日期状态推定当前完成。,UNVERIFIED
RECORD-0928:GJ-05,RECORD-0928,Human Restart,UNVERIFIED_IN_THIS_HANDOFF,OPEN_OR_PARTIAL_REQUIRES_GOLDEN_JOURNEY,MERGE_VALID_CLAUSES,UF05;UF07,复用既有能力与真实验收条件，不用原日期状态推定当前完成。,UNVERIFIED
RECORD-0928:GJ-06,RECORD-0928,Machine Learning Loop,UNVERIFIED_IN_THIS_HANDOFF,OPEN_OR_PARTIAL_REQUIRES_GOLDEN_JOURNEY,MERGE_VALID_CLAUSES,UF09;UF05;UF07,复用既有能力与真实验收条件，不用原日期状态推定当前完成。,UNVERIFIED
RECORD-0928:GJ-07,RECORD-0928,Machine Restart,UNVERIFIED_IN_THIS_HANDOFF,OPEN_OR_PARTIAL_REQUIRES_GOLDEN_JOURNEY,MERGE_VALID_CLAUSES,UF09,复用既有能力与真实验收条件，不用原日期状态推定当前完成。,UNVERIFIED
RECORD-0928:GJ-08,RECORD-0928,Backup / Restore,UNVERIFIED_IN_THIS_HANDOFF,OPEN_OR_PARTIAL_REQUIRES_GOLDEN_JOURNEY,MERGE_VALID_CLAUSES,CB01;UF04;CB04;S01,复用既有能力与真实验收条件，不用原日期状态推定当前完成。,UNVERIFIED
RECORD-0928:GJ-09,RECORD-0928,Legacy Migration,UNVERIFIED_IN_THIS_HANDOFF,OPEN_OR_PARTIAL_REQUIRES_GOLDEN_JOURNEY,MERGE_VALID_CLAUSES,CB01;UF04;CB04;S01,复用既有能力与真实验收条件，不用原日期状态推定当前完成。,UNVERIFIED
RECORD-0928:GJ-10,RECORD-0928,Exact-source Candidate,UNVERIFIED_IN_THIS_HANDOFF,OPEN_OR_PARTIAL_REQUIRES_GOLDEN_JOURNEY,MERGE_VALID_CLAUSES,CB01;UF04;CB04;S01;UF13;M01,复用既有能力与真实验收条件，不用原日期状态推定当前完成。,UNVERIFIED
RECORD-0928:GJ-11,RECORD-0928,Native Acceptance,UNVERIFIED_IN_THIS_HANDOFF,OPEN_OR_PARTIAL_REQUIRES_GOLDEN_JOURNEY,MERGE_VALID_CLAUSES,UF01;UF02;UF03;UF13;M01,复用既有能力与真实验收条件，不用原日期状态推定当前完成。,UNVERIFIED
RECORD-0928:GJ-12,RECORD-0928,A15,UNVERIFIED_IN_THIS_HANDOFF,OWNER_GATE_OPEN,MERGE_VALID_CLAUSES,UF13;M01,复用既有能力与真实验收条件，不用原日期状态推定当前完成。,UNVERIFIED
RECORD-0928:GJ-13,RECORD-0928,A16 / Green Owner Gate,UNVERIFIED_IN_THIS_HANDOFF,OWNER_GATE_OPEN,MERGE_VALID_CLAUSES,M01;UF13,复用既有能力与真实验收条件，不用原日期状态推定当前完成。,UNVERIFIED
RECORD-0930:U930-01,RECORD-0930,Current Core 与 Future Capability 信息架构、Super 入口和三级对象导航,,OPEN_OR_PARTIAL,MERGE_VALID_CLAUSES,UF01;UF02,复用既有能力与真实验收条件，不用原日期状态推定当前完成。,UNVERIFIED
RECORD-0930:U930-02,RECORD-0930,真实 Knowledge、Learning、Search、Pipeline、Model 工作面及来源状态,,OPEN_OR_PARTIAL,MERGE_VALID_CLAUSES,UF05;UF07;UF08;UF03,复用既有能力与真实验收条件，不用原日期状态推定当前完成。,UNVERIFIED
RECORD-0930:U930-03,RECORD-0930,历史吸收池 proposed/evaluating/adopted/rejected 状态投影,,OPEN_OR_PARTIAL,MERGE_VALID_CLAUSES,O01;UF10,复用既有能力与真实验收条件，不用原日期状态推定当前完成。,UNVERIFIED
RECORD-0930:U930-04,RECORD-0930,静态业务配图转真实数据图；地图/列表降级和装饰图分离,,OPEN_OR_PARTIAL,MERGE_VALID_CLAUSES,UF01;UF12,复用既有能力与真实验收条件，不用原日期状态推定当前完成。,UNVERIFIED
RECORD-0930:U930-05,RECORD-0930,route/API/contract/deep-link/storage 兼容矩阵,,OPEN_OR_PARTIAL,MERGE_VALID_CLAUSES,UF01;UF02;CB02,复用既有能力与真实验收条件，不用原日期状态推定当前完成。,UNVERIFIED
RECORD-0930:U930-06,RECORD-0930,Capability schema 分离实施状态和当前可用状态,,OPEN_OR_PARTIAL,MERGE_VALID_CLAUSES,CB02;UF02,复用既有能力与真实验收条件，不用原日期状态推定当前完成。,UNVERIFIED
RECORD-0930:U930-07,RECORD-0930,UI01–UI14 开源候选逐项核官方源码、版本、许可证及 Avalonia 可用性,,OPEN_OR_PARTIAL,MERGE_VALID_CLAUSES,O01;UF10;UF01;UF02,复用既有能力与真实验收条件，不用原日期状态推定当前完成。,UNVERIFIED
RECORD-0930:U930-08,RECORD-0930,loading/empty/success/partial/error/offline/stale/denied/conflict/recovery 及 receipt/readback,,OPEN_OR_PARTIAL,MERGE_VALID_CLAUSES,UF04;CB01;UF01;UF02,复用既有能力与真实验收条件，不用原日期状态推定当前完成。,UNVERIFIED
RECORD-0930:U930-09,RECORD-0930,Windows IME、键盘、a11y、DPI、双主题与截图矩阵,,OPEN_OR_PARTIAL,MERGE_VALID_CLAUSES,UF13;M01,复用既有能力与真实验收条件，不用原日期状态推定当前完成。,UNVERIFIED
RECORD-0930:U930-10,RECORD-0930,正式 Desktop 生产构建、E2E、重启恢复与原 Green 安装验收,,OPEN_OR_PARTIAL,MERGE_VALID_CLAUSES,UF04;CB01;UF13;M01,复用既有能力与真实验收条件，不用原日期状态推定当前完成。,UNVERIFIED
RECORD-0930:U930-11,RECORD-0930,六份交付：Completion Report、Final IA、Capability Matrix、Visual QA、Asset Manifest、Merge-ready Handoff,,OPEN_OR_PARTIAL,MERGE_VALID_CLAUSES,UF01;UF02;UF12;UF00;G01;UF13,复用既有能力与真实验收条件，不用原日期状态推定当前完成。,UNVERIFIED
RECORD-0930:U930-D01,RECORD-0930,AAOS_FRONTEND_COMPLETION_REPORT.md,,DELIVERABLE_NAME_OR_ACCEPTANCE_NOT_YET_CLOSED,MERGE_VALID_CLAUSES,UF00;G01;UF13,复用既有能力与真实验收条件，不用原日期状态推定当前完成。,UNVERIFIED
RECORD-0930:U930-D02,RECORD-0930,AAOS_FINAL_IA.md,,DELIVERABLE_NAME_OR_ACCEPTANCE_NOT_YET_CLOSED,MERGE_VALID_CLAUSES,UF01;UF02,复用既有能力与真实验收条件，不用原日期状态推定当前完成。,UNVERIFIED
RECORD-0930:U930-D03,RECORD-0930,AAOS_CAPABILITY_UI_MATRIX.md,,DELIVERABLE_NAME_OR_ACCEPTANCE_NOT_YET_CLOSED,MERGE_VALID_CLAUSES,H01,复用既有能力与真实验收条件，不用原日期状态推定当前完成。,UNVERIFIED
RECORD-0930:U930-D04,RECORD-0930,AAOS_VISUAL_QA.md,,DELIVERABLE_NAME_OR_ACCEPTANCE_NOT_YET_CLOSED,MERGE_VALID_CLAUSES,UF01;UF12,复用既有能力与真实验收条件，不用原日期状态推定当前完成。,UNVERIFIED
RECORD-0930:U930-D05,RECORD-0930,AAOS_ASSET_MANIFEST.json,,DELIVERABLE_NAME_OR_ACCEPTANCE_NOT_YET_CLOSED,MERGE_VALID_CLAUSES,UF01;UF12,复用既有能力与真实验收条件，不用原日期状态推定当前完成。,UNVERIFIED
RECORD-0930:U930-D06,RECORD-0930,AAOS_MERGE_READY_HANDOFF.md,,DELIVERABLE_NAME_OR_ACCEPTANCE_NOT_YET_CLOSED,MERGE_VALID_CLAUSES,UF00;G01;UF13,复用既有能力与真实验收条件，不用原日期状态推定当前完成。,UNVERIFIED
OSS-0930:UI01,OSS-0930,shadcn/ui,,CANDIDATE_NOT_ADOPTED,FREEZE_UNSELECTED_DONORS,O01;UF10,供体候选目录不等于集成任务；当前仅按实际 UI 组件缺口选型。,UNVERIFIED
OSS-0930:UI02,OSS-0930,Uiverse Galaxy,,CANDIDATE_NOT_ADOPTED,FREEZE_UNSELECTED_DONORS,O01;UF10,供体候选目录不等于集成任务；当前仅按实际 UI 组件缺口选型。,UNVERIFIED
OSS-0930:UI03,OSS-0930,Magic UI,,CANDIDATE_NOT_ADOPTED,FREEZE_UNSELECTED_DONORS,O01;UF10,供体候选目录不等于集成任务；当前仅按实际 UI 组件缺口选型。,UNVERIFIED
OSS-0930:UI04,OSS-0930,React Bits,,CANDIDATE_NOT_ADOPTED,FREEZE_UNSELECTED_DONORS,O01;UF10,供体候选目录不等于集成任务；当前仅按实际 UI 组件缺口选型。,UNVERIFIED
OSS-0930:UI05,OSS-0930,Aceternity,,CANDIDATE_NOT_ADOPTED,FREEZE_UNSELECTED_DONORS,O01;UF10,供体候选目录不等于集成任务；当前仅按实际 UI 组件缺口选型。,UNVERIFIED
OSS-0930:UI06,OSS-0930,Semi Design,,CANDIDATE_NOT_ADOPTED,FREEZE_UNSELECTED_DONORS,O01;UF10,供体候选目录不等于集成任务；当前仅按实际 UI 组件缺口选型。,UNVERIFIED
OSS-0930:UI07,OSS-0930,Tailwind,,CANDIDATE_NOT_ADOPTED,FREEZE_UNSELECTED_DONORS,O01;UF10,供体候选目录不等于集成任务；当前仅按实际 UI 组件缺口选型。,UNVERIFIED
OSS-0930:UI08,OSS-0930,Spectrum Web Components,,CANDIDATE_NOT_ADOPTED,FREEZE_UNSELECTED_DONORS,O01;UF10,供体候选目录不等于集成任务；当前仅按实际 UI 组件缺口选型。,UNVERIFIED
OSS-0930:UI09,OSS-0930,Web Awesome,,CANDIDATE_NOT_ADOPTED,FREEZE_UNSELECTED_DONORS,O01;UF10,供体候选目录不等于集成任务；当前仅按实际 UI 组件缺口选型。,UNVERIFIED
OSS-0930:UI10,OSS-0930,XYFlow,,CANDIDATE_NOT_ADOPTED,FREEZE_UNSELECTED_DONORS,O01;UF10,供体候选目录不等于集成任务；当前仅按实际 UI 组件缺口选型。,UNVERIFIED
OSS-0930:UI11,OSS-0930,D3,,CANDIDATE_NOT_ADOPTED,FREEZE_UNSELECTED_DONORS,O01;UF10,供体候选目录不等于集成任务；当前仅按实际 UI 组件缺口选型。,UNVERIFIED
OSS-0930:UI12,OSS-0930,Penpot,,CANDIDATE_NOT_ADOPTED,FREEZE_UNSELECTED_DONORS,O01;UF10,供体候选目录不等于集成任务；当前仅按实际 UI 组件缺口选型。,UNVERIFIED
OSS-0930:UI13,OSS-0930,Dify/n8n,,CANDIDATE_NOT_ADOPTED,FREEZE_UNSELECTED_DONORS,O01;UF10,供体候选目录不等于集成任务；当前仅按实际 UI 组件缺口选型。,UNVERIFIED
OSS-0930:UI14,OSS-0930,Lucide,,PARTIAL_SOURCE_VERIFIED,FREEZE_UNSELECTED_DONORS,O01;UF10,供体候选目录不等于集成任务；当前仅按实际 UI 组件缺口选型。,UNVERIFIED
UI-PROMPT:P00,UI-PROMPT,审计实际技术栈、路由、存储、搜索、学习/FSRS、AI、证据与 Schema,,OPEN_OR_PARTIAL,MERGE_VALID_CLAUSES,UF05;UF07;UF08;CB02;UF02;UF00;G01;UF13,复用既有能力与真实验收条件，不用原日期状态推定当前完成。,UNVERIFIED
UI-PROMPT:P01,UI-PROMPT,13 组 UI 包来源核验；最新用户指定 PNG 优先于旧 B10 色值/视觉,,OPEN_OR_PARTIAL,MERGE_VALID_CLAUSES,UF01;UF12,复用既有能力与真实验收条件，不用原日期状态推定当前完成。,UNVERIFIED
UI-PROMPT:P02,UI-PROMPT,Evidence-driven、Local-first、人机双向学习主闭环,,OPEN_OR_PARTIAL,MERGE_VALID_CLAUSES,UF05;UF07,复用既有能力与真实验收条件，不用原日期状态推定当前完成。,UNVERIFIED
UI-PROMPT:P03,UI-PROMPT,品牌色、星环结构、稳定阅读与节制动效,,OPEN_OR_PARTIAL,MERGE_VALID_CLAUSES,UF01;UF12,复用既有能力与真实验收条件，不用原日期状态推定当前完成。,UNVERIFIED
UI-PROMPT:P04,UI-PROMPT,Home、Capture、Evidence Library/Detail、Original、Human/Machine Learning、Workspace、Memory、Search、Review、Settings,,OPEN_OR_PARTIAL,MERGE_VALID_CLAUSES,UF05;UF07;UF09;UF08;UF11;CB04,复用既有能力与真实验收条件，不用原日期状态推定当前完成。,UNVERIFIED
UI-PROMPT:P05,UI-PROMPT,通用组件、证据专属组件、命令面板、引用和 FSRS 动作,,OPEN_OR_PARTIAL,MERGE_VALID_CLAUSES,UF05;UF07;UF03,复用既有能力与真实验收条件，不用原日期状态推定当前完成。,UNVERIFIED
UI-PROMPT:P06,UI-PROMPT,真实本地 Repository/Adapter、离线/冲突及外部模型边界,,OPEN_OR_PARTIAL,MERGE_VALID_CLAUSES,H01,复用既有能力与真实验收条件，不用原日期状态推定当前完成。,UNVERIFIED
UI-PROMPT:P07,UI-PROMPT,词法/语义搜索降级和真实 FSRS 调度,,OPEN_OR_PARTIAL,MERGE_VALID_CLAUSES,UF05;UF07;UF08,复用既有能力与真实验收条件，不用原日期状态推定当前完成。,UNVERIFIED
UI-PROMPT:P08,UI-PROMPT,响应式、44 DIP 命中、键盘、4.5:1 对比和窄屏图谱,,OPEN_OR_PARTIAL,MERGE_VALID_CLAUSES,UF08,复用既有能力与真实验收条件，不用原日期状态推定当前完成。,UNVERIFIED
UI-PROMPT:P09,UI-PROMPT,实施报告、视觉 QA、来源审计、smoke/build/typecheck/lint,,OPEN_OR_PARTIAL,MERGE_VALID_CLAUSES,UF01;UF12;UF00;G01;UF13,复用既有能力与真实验收条件，不用原日期状态推定当前完成。,UNVERIFIED
ATLAS-0929:REQ-SOURCE-001,ATLAS-0929,原件保全与来源接入,met_partial,PARTIAL_RECHECK_CURRENT,MERGE_VALID_CLAUSES,UF03,复用既有能力与真实验收条件，不用原日期状态推定当前完成。,UNVERIFIED
ATLAS-0929:REQ-CONVERT-001,ATLAS-0929,多格式转换与质量门,in_progress,PARTIAL_RECHECK_CURRENT,MERGE_VALID_CLAUSES,CB04;UF11,复用既有能力与真实验收条件，不用原日期状态推定当前完成。,UNVERIFIED
ATLAS-0929:REQ-EVIDENCE-001,ATLAS-0929,证据锚定交叉核验,met_partial,PARTIAL_RECHECK_CURRENT,MERGE_VALID_CLAUSES,UF03;UF08,复用既有能力与真实验收条件，不用原日期状态推定当前完成。,UNVERIFIED
ATLAS-0929:REQ-LEARNING-001,ATLAS-0929,人类深度学习链,in_progress,PARTIAL_RECHECK_CURRENT,MERGE_VALID_CLAUSES,UF05;UF07;M01,复用既有能力与真实验收条件，不用原日期状态推定当前完成。,UNVERIFIED
ATLAS-0929:REQ-AI-ASSET-001,ATLAS-0929,AI 学习资产与受控调用,planned,DEFERRED_BLUEPRINT,MERGE_VALID_CLAUSES,UF09;UF05;UF07,复用既有能力与真实验收条件，不用原日期状态推定当前完成。,UNVERIFIED
ATLAS-0929:REQ-LER-001,ATLAS-0929,LER 视觉教学,planned,DEFERRED_BLUEPRINT,MERGE_VALID_CLAUSES,UF05;UF07;UF12;UF01,复用既有能力与真实验收条件，不用原日期状态推定当前完成。,UNVERIFIED
ATLAS-0929:REQ-LER-002,ATLAS-0929,动态解释与仿真,planned,DEFERRED_BLUEPRINT,MERGE_BASE_AND_FREEZE_ADVANCED,FT01,有效基础条款合并；高级引擎/硬件/资源范围保留意图但冻结自动执行。,UNVERIFIED
ATLAS-0929:REQ-SPATIAL-001,ATLAS-0929,空间记忆与沉浸学习,planned,DEFERRED_BLUEPRINT,MERGE_BASE_AND_FREEZE_ADVANCED,FT02;UF05;UF07;UF09,有效基础条款合并；高级引擎/硬件/资源范围保留意图但冻结自动执行。,UNVERIFIED
ATLAS-0929:REQ-RESEARCH-001,ATLAS-0929,研究课程项目空间,planned,DEFERRED_BLUEPRINT,MERGE_VALID_CLAUSES,UF08;FT04;UF05;UF07,复用既有能力与真实验收条件，不用原日期状态推定当前完成。,UNVERIFIED
ATLAS-0929:REQ-INTEROP-001,ATLAS-0929,开放互操作与适配器,in_progress,PARTIAL_RECHECK_CURRENT,MERGE_VALID_CLAUSES,UF07;UF10;UF11;UF01;UF02,复用既有能力与真实验收条件，不用原日期状态推定当前完成。,UNVERIFIED
ATLAS-0929:REQ-SEARCH-001,ATLAS-0929,搜索图谱索引,in_progress,PARTIAL_RECHECK_CURRENT,MERGE_VALID_CLAUSES,UF03;UF08;UF00;G01;UF13,复用既有能力与真实验收条件，不用原日期状态推定当前完成。,UNVERIFIED
ATLAS-0929:REQ-DESKTOP-001,ATLAS-0929,桌面平台,in_progress,PARTIAL_RECHECK_CURRENT,MERGE_VALID_CLAUSES,UF01;UF02;M01,复用既有能力与真实验收条件，不用原日期状态推定当前完成。,UNVERIFIED
ATLAS-0929:REQ-EXPLORATION-001,ATLAS-0929,受控执行探索,deferred,DEFERRED_BLUEPRINT,MERGE_VALID_CLAUSES,UF09;FT04,复用既有能力与真实验收条件，不用原日期状态推定当前完成。,UNVERIFIED
ATLAS-0929:REQ-BACKUP-001,ATLAS-0929,备份同步发布,in_progress,PARTIAL_RECHECK_CURRENT,MERGE_BASE_AND_FREEZE_ADVANCED,UF04;UF11;FT03;CB01,有效基础条款合并；高级引擎/硬件/资源范围保留意图但冻结自动执行。,UNVERIFIED
ATLAS-0929:REQ-PROVIDER-001,ATLAS-0929,模型 Provider 治理,planned,DEFERRED_BLUEPRINT,MERGE_VALID_CLAUSES,UF09;UF10;V01;O01;UF00;G01;UF13,复用既有能力与真实验收条件，不用原日期状态推定当前完成。,UNVERIFIED
ATLAS-0929:REQ-VISUAL-001,ATLAS-0929,可视化表征,planned,DEFERRED_BLUEPRINT,MERGE_VALID_CLAUSES,UF08;UF12;FT01;FT02,复用既有能力与真实验收条件，不用原日期状态推定当前完成。,UNVERIFIED
ATLAS-0929:REQ-IDENTITY-001,ATLAS-0929,产品身份与命名,met_partial,PARTIAL_RECHECK_CURRENT,MERGE_VALID_CLAUSES,UF00;UF01;CB02;UF02,复用既有能力与真实验收条件，不用原日期状态推定当前完成。,UNVERIFIED
ABSORB-0929:CAP-CORE-KNOWLEDGE,ABSORB-0929,Canonical knowledge and source lifecycle,integrated,HISTORICAL_CANDIDATE_REQUIRES_CURRENT_LICENSE_RUNTIME_EVIDENCE,MERGE_VALID_CLAUSES,O01;UF10;UF03,复用既有能力与真实验收条件，不用原日期状态推定当前完成。,UNVERIFIED
ABSORB-0929:CAP-DEEPTUTOR,ABSORB-0929,Source-grounded tutor and recoverable learning workspace,candidate,HISTORICAL_CANDIDATE_REQUIRES_CURRENT_LICENSE_RUNTIME_EVIDENCE,MERGE_VALID_CLAUSES,O01;UF10;UF05;UF07,复用既有能力与真实验收条件，不用原日期状态推定当前完成。,UNVERIFIED
ABSORB-0929:CAP-OPENTUTOR,ABSORB-0929,Adaptive learning blocks and FSRS integration,candidate,HISTORICAL_CANDIDATE_REQUIRES_CURRENT_LICENSE_RUNTIME_EVIDENCE,MERGE_VALID_CLAUSES,O01;UF10;UF05;UF07,复用既有能力与真实验收条件，不用原日期状态推定当前完成。,UNVERIFIED
ABSORB-0929:CAP-LEARNINGMAP,ABSORB-0929,"Knowledge components, prerequisites, diagnosis, and pedagogy",candidate,HISTORICAL_CANDIDATE_REQUIRES_CURRENT_LICENSE_RUNTIME_EVIDENCE,MERGE_VALID_CLAUSES,O01;UF10;UF03;UF01;UF02,复用既有能力与真实验收条件，不用原日期状态推定当前完成。,UNVERIFIED
ABSORB-0929:CAP-OPENMAIC,ABSORB-0929,"Course DSL, renderer, and interactive learning artifacts",candidate,HISTORICAL_CANDIDATE_REQUIRES_CURRENT_LICENSE_RUNTIME_EVIDENCE,MERGE_VALID_CLAUSES,O01;UF10;UF05;UF07,复用既有能力与真实验收条件，不用原日期状态推定当前完成。,UNVERIFIED
ABSORB-0929:CAP-RAG-ANYTHING,ABSORB-0929,Multimodal document parsing and structure extraction,candidate,HISTORICAL_CANDIDATE_REQUIRES_CURRENT_LICENSE_RUNTIME_EVIDENCE,MERGE_VALID_CLAUSES,O01;UF10;UF03,复用既有能力与真实验收条件，不用原日期状态推定当前完成。,UNVERIFIED
ABSORB-0929:CAP-LIGHTRAG,ABSORB-0929,Mixed vector and graph retrieval projection,candidate,HISTORICAL_CANDIDATE_REQUIRES_CURRENT_LICENSE_RUNTIME_EVIDENCE,MERGE_VALID_CLAUSES,O01;UF10;UF08;UF09,复用既有能力与真实验收条件，不用原日期状态推定当前完成。,UNVERIFIED
ABSORB-0929:CAP-GRAPHITI,ABSORB-0929,Temporal knowledge projection and supersession,candidate,HISTORICAL_CANDIDATE_REQUIRES_CURRENT_LICENSE_RUNTIME_EVIDENCE,MERGE_VALID_CLAUSES,O01;UF10;UF03,复用既有能力与真实验收条件，不用原日期状态推定当前完成。,UNVERIFIED
ABSORB-0929:CAP-MEMOS,ABSORB-0929,Machine experience memory and skill crystallization,candidate,HISTORICAL_CANDIDATE_REQUIRES_CURRENT_LICENSE_RUNTIME_EVIDENCE,MERGE_VALID_CLAUSES,O01;UF10;UF08;UF09,复用既有能力与真实验收条件，不用原日期状态推定当前完成。,UNVERIFIED
ABSORB-0929:CAP-WEKNORA,ABSORB-0929,"Knowledge workspace editing, revision, diff, and rollback UX",reference,HISTORICAL_CANDIDATE_REQUIRES_CURRENT_LICENSE_RUNTIME_EVIDENCE,MERGE_VALID_CLAUSES,O01;UF10;UF03,复用既有能力与真实验收条件，不用原日期状态推定当前完成。,UNVERIFIED
ABSORB-0929:CAP-COGNEE,ABSORB-0929,"Graph, memory, and ontology benchmark reference",reference,HISTORICAL_CANDIDATE_REQUIRES_CURRENT_LICENSE_RUNTIME_EVIDENCE,MERGE_VALID_CLAUSES,O01;UF10;UF08;UF09,复用既有能力与真实验收条件，不用原日期状态推定当前完成。,UNVERIFIED
R6-LIVE-LEDGER:A00,R6-LIVE-LEDGER,Authority Reset,TESTED_LOCAL,TESTED_LOCAL,MERGE_VALID_CLAUSES,UF00;G01;UF13,复用既有能力与真实验收条件，不用原日期状态推定当前完成。,UNVERIFIED
R6-LIVE-LEDGER:A01,R6-LIVE-LEDGER,Version and Release Freeze,TESTED_LOCAL,TESTED_LOCAL,MERGE_VALID_CLAUSES,G01,复用既有能力与真实验收条件，不用原日期状态推定当前完成。,UNVERIFIED
R6-LIVE-LEDGER:A02,R6-LIVE-LEDGER,Resource Path Environment Authority,BLOCKED_BY_OWNER_DECISION,BLOCKED_BY_OWNER_DECISION,MERGE_VALID_CLAUSES,UF00;S01;G01;UF13,复用既有能力与真实验收条件，不用原日期状态推定当前完成。,UNVERIFIED
R6-LIVE-LEDGER:A03,R6-LIVE-LEDGER,Capability Absorption Registry,TESTED_LOCAL,TESTED_LOCAL,MERGE_VALID_CLAUSES,O01;UF09;UF10,复用既有能力与真实验收条件，不用原日期状态推定当前完成。,UNVERIFIED
R6-LIVE-LEDGER:A04,R6-LIVE-LEDGER,Knowledge Source Model V3,TESTED_LOCAL_PARTIAL,TESTED_LOCAL_PARTIAL,MERGE_VALID_CLAUSES,UF03;CB03,复用既有能力与真实验收条件，不用原日期状态推定当前完成。,UNVERIFIED
R6-LIVE-LEDGER:A05,R6-LIVE-LEDGER,Multiformat Pipeline,TESTED_LOCAL_PARTIAL,TESTED_LOCAL_PARTIAL,MERGE_VALID_CLAUSES,CB04;UF11,复用既有能力与真实验收条件，不用原日期状态推定当前完成。,UNVERIFIED
R6-LIVE-LEDGER:A06,R6-LIVE-LEDGER,Retrieval Graph Research,TESTED_LOCAL_PARTIAL,TESTED_LOCAL_PARTIAL,MERGE_VALID_CLAUSES,UF03;UF08,复用既有能力与真实验收条件，不用原日期状态推定当前完成。,UNVERIFIED
R6-LIVE-LEDGER:A07,R6-LIVE-LEDGER,Machine Memory Growth,TESTED_LOCAL_PARTIAL,TESTED_LOCAL_PARTIAL,MERGE_VALID_CLAUSES,UF09,复用既有能力与真实验收条件，不用原日期状态推定当前完成。,UNVERIFIED
R6-LIVE-LEDGER:A08,R6-LIVE-LEDGER,Human Learning Kernel,TESTED_LOCAL_PARTIAL,TESTED_LOCAL_PARTIAL,MERGE_VALID_CLAUSES,UF05;UF07,复用既有能力与真实验收条件，不用原日期状态推定当前完成。,UNVERIFIED
R6-LIVE-LEDGER:A09,R6-LIVE-LEDGER,Domain Learning Packs,TESTED_LOCAL_PARTIAL,TESTED_LOCAL_PARTIAL,MERGE_VALID_CLAUSES,UF05;UF07;UF12,复用既有能力与真实验收条件，不用原日期状态推定当前完成。,UNVERIFIED
R6-LIVE-LEDGER:A10,R6-LIVE-LEDGER,Courseware Learning Artifacts,TESTED_LOCAL_PARTIAL,TESTED_LOCAL_PARTIAL,MERGE_VALID_CLAUSES,UF07;UF12;FT01;FT02;UF05,复用既有能力与真实验收条件，不用原日期状态推定当前完成。,UNVERIFIED
R6-LIVE-LEDGER:A11,R6-LIVE-LEDGER,Local Model Pool,TESTED_LOCAL_PARTIAL,TESTED_LOCAL_PARTIAL,MERGE_VALID_CLAUSES,UF09;UF11,复用既有能力与真实验收条件，不用原日期状态推定当前完成。,UNVERIFIED
R6-LIVE-LEDGER:A12,R6-LIVE-LEDGER,Avalonia Product Shell,TESTED_LOCAL_PARTIAL,TESTED_LOCAL_PARTIAL,MERGE_VALID_CLAUSES,UF01;UF02;UF03;UF13,复用既有能力与真实验收条件，不用原日期状态推定当前完成。,UNVERIFIED
R6-LIVE-LEDGER:A13,R6-LIVE-LEDGER,Legacy Migration Local Green,TESTED_LOCAL_PARTIAL,TESTED_LOCAL_PARTIAL,MERGE_VALID_CLAUSES,CB01;UF04;CB04;S01;UF13;M01,复用既有能力与真实验收条件，不用原日期状态推定当前完成。,UNVERIFIED
R6-LIVE-LEDGER:A14,R6-LIVE-LEDGER,Full Human Machine Closed Loop,TESTED_LOCAL_PARTIAL,TESTED_LOCAL_PARTIAL,MERGE_VALID_CLAUSES,UF09;UF05;UF07,复用既有能力与真实验收条件，不用原日期状态推定当前完成。,UNVERIFIED
R6-LIVE-LEDGER:A15,R6-LIVE-LEDGER,Independent Audit,TESTED_LOCAL_PARTIAL,TESTED_LOCAL_PARTIAL,MERGE_VALID_CLAUSES,UF13;M01,复用既有能力与真实验收条件，不用原日期状态推定当前完成。,UNVERIFIED
R6-LIVE-LEDGER:A16,R6-LIVE-LEDGER,Owner Gate,BLOCKED_BY_OWNER_DECISION,BLOCKED_BY_OWNER_DECISION,MERGE_VALID_CLAUSES,M01,复用既有能力与真实验收条件，不用原日期状态推定当前完成。,UNVERIFIED
M0-OVERLAY:P0,M0-OVERLAY,Authority + Plugin Kernel,PARTIAL,PARTIAL_OR_BLOCKED,FREEZE_OLD_RUN_ORDER_MERGE_VALID_CLAUSES,UF00;G01;UF13,旧包执行顺序/旧栈已被后续计划取代；有效能力与保全验收按此映射继续承接。,UNVERIFIED
M0-OVERLAY:P1,M0-OVERLAY,Source + Format + Knowledge,PARTIAL,PARTIAL_OR_BLOCKED,FREEZE_OLD_RUN_ORDER_MERGE_VALID_CLAUSES,UF03;UF11;CB04,旧包执行顺序/旧栈已被后续计划取代；有效能力与保全验收按此映射继续承接。,UNVERIFIED
M0-OVERLAY:P2,M0-OVERLAY,Search + Learning Plan + Course,PARTIAL,PARTIAL_OR_BLOCKED,FREEZE_OLD_RUN_ORDER_MERGE_VALID_CLAUSES,UF05;UF07;UF08,旧包执行顺序/旧栈已被后续计划取代；有效能力与保全验收按此映射继续承接。,UNVERIFIED
M0-OVERLAY:P3,M0-OVERLAY,Human Learning,PARTIAL,PARTIAL_OR_BLOCKED,FREEZE_OLD_RUN_ORDER_MERGE_VALID_CLAUSES,UF05;UF07,旧包执行顺序/旧栈已被后续计划取代；有效能力与保全验收按此映射继续承接。,UNVERIFIED
M0-OVERLAY:P4,M0-OVERLAY,Machine Loop,PARTIAL,PARTIAL_OR_BLOCKED,FREEZE_OLD_RUN_ORDER_MERGE_VALID_CLAUSES,UF09,旧包执行顺序/旧栈已被后续计划取代；有效能力与保全验收按此映射继续承接。,UNVERIFIED
M0-OVERLAY:P5,M0-OVERLAY,Persistence + Migration,PARTIAL,PARTIAL_OR_BLOCKED,FREEZE_OLD_RUN_ORDER_MERGE_VALID_CLAUSES,CB04,旧包执行顺序/旧栈已被后续计划取代；有效能力与保全验收按此映射继续承接。,UNVERIFIED
M0-OVERLAY:P6,M0-OVERLAY,Local Green,PARTIAL/BLOCKED,PARTIAL_OR_BLOCKED,FREEZE_OLD_RUN_ORDER_MERGE_VALID_CLAUSES,UF13;M01,旧包执行顺序/旧栈已被后续计划取代；有效能力与保全验收按此映射继续承接。,UNVERIFIED
SCI-0929:SCI-01,SCI-0929,Asta Scientific Corpus / Agent,,DEFERRED_CANDIDATE_NOT_CURRENT_M0,MERGE_VALID_CLAUSES,V01,复用既有能力与真实验收条件，不用原日期状态推定当前完成。,UNVERIFIED
SCI-0929:SCI-02,SCI-0929,PaperQA2,,DEFERRED_CANDIDATE_NOT_CURRENT_M0,MERGE_VALID_CLAUSES,H01,复用既有能力与真实验收条件，不用原日期状态推定当前完成。,UNVERIFIED
SCI-0929:SCI-03,SCI-0929,Intern-S2 / 书生·端砚,,DEFERRED_CANDIDATE_NOT_CURRENT_M0,MERGE_VALID_CLAUSES,H01,复用既有能力与真实验收条件，不用原日期状态推定当前完成。,UNVERIFIED
SCI-0929:SCI-04,SCI-0929,AstaBench / scientific eval,,DEFERRED_CANDIDATE_NOT_CURRENT_M0,MERGE_VALID_CLAUSES,V01,复用既有能力与真实验收条件，不用原日期状态推定当前完成。,UNVERIFIED
SCI-0929:SCI-05,SCI-0929,OpenScholar / ScholarQA,,DEFERRED_CANDIDATE_NOT_CURRENT_M0,MERGE_VALID_CLAUSES,H01,复用既有能力与真实验收条件，不用原日期状态推定当前完成。,UNVERIFIED
R1-0906:T00,R1-0906,锁定本轮决策、现场与基线,planned,HISTORICAL_TRACE_ONLY_REASSESS_VIA_R6_M0,FREEZE_OLD_RUN_ORDER_MERGE_VALID_CLAUSES,UF00;G01;UF13,旧包执行顺序/旧栈已被后续计划取代；有效能力与保全验收按此映射继续承接。,UNVERIFIED
R1-0906:T01,R1-0906,可复现构建与最小必需CI,planned,HISTORICAL_TRACE_ONLY_REASSESS_VIA_R6_M0,FREEZE_OLD_RUN_ORDER_MERGE_VALID_CLAUSES,V01,旧包执行顺序/旧栈已被后续计划取代；有效能力与保全验收按此映射继续承接。,UNVERIFIED
R1-0906:T02,R1-0906,冻结最小跨语言协议,planned,HISTORICAL_TRACE_ONLY_REASSESS_VIA_R6_M0,FREEZE_OLD_RUN_ORDER_MERGE_VALID_CLAUSES,H01,旧包执行顺序/旧栈已被后续计划取代；有效能力与保全验收按此映射继续承接。,UNVERIFIED
R1-0906:T17,R1-0906,旧版资产全量盘点与复用缺陷前置,planned,HISTORICAL_TRACE_ONLY_REASSESS_VIA_R6_M0,FREEZE_OLD_RUN_ORDER_MERGE_VALID_CLAUSES,H01,旧包执行顺序/旧栈已被后续计划取代；有效能力与保全验收按此映射继续承接。,UNVERIFIED
R1-0906:T03,R1-0906,Rust存储、原件与可恢复事务,planned,HISTORICAL_TRACE_ONLY_REASSESS_VIA_R6_M0,FREEZE_OLD_RUN_ORDER_MERGE_VALID_CLAUSES,UF04;CB01,旧包执行顺序/旧栈已被后续计划取代；有效能力与保全验收按此映射继续承接。,UNVERIFIED
R1-0906:T04,R1-0906,任务执行器、模型能力与Supervisor,planned,HISTORICAL_TRACE_ONLY_REASSESS_VIA_R6_M0,FREEZE_OLD_RUN_ORDER_MERGE_VALID_CLAUSES,H01,旧包执行顺序/旧栈已被后续计划取代；有效能力与保全验收按此映射继续承接。,UNVERIFIED
R1-0906:T05,R1-0906,网页与文档转换能力包,planned,HISTORICAL_TRACE_ONLY_REASSESS_VIA_R6_M0,FREEZE_OLD_RUN_ORDER_MERGE_VALID_CLAUSES,UF11;CB04,旧包执行顺序/旧栈已被后续计划取代；有效能力与保全验收按此映射继续承接。,UNVERIFIED
R1-0906:T06,R1-0906,截图、视觉与音视频能力包,planned,HISTORICAL_TRACE_ONLY_REASSESS_VIA_R6_M0,FREEZE_OLD_RUN_ORDER_MERGE_VALID_CLAUSES,UF01;UF12,旧包执行顺序/旧栈已被后续计划取代；有效能力与保全验收按此映射继续承接。,UNVERIFIED
R1-0906:T07,R1-0906,质量评测、差异复核与模型定型,planned,HISTORICAL_TRACE_ONLY_REASSESS_VIA_R6_M0,FREEZE_OLD_RUN_ORDER_MERGE_VALID_CLAUSES,H01,旧包执行顺序/旧栈已被后续计划取代；有效能力与保全验收按此映射继续承接。,UNVERIFIED
R1-0906:T08,R1-0906,云端模型联网交叉核查,planned,HISTORICAL_TRACE_ONLY_REASSESS_VIA_R6_M0,FREEZE_OLD_RUN_ORDER_MERGE_VALID_CLAUSES,H01,旧包执行顺序/旧栈已被后续计划取代；有效能力与保全验收按此映射继续承接。,UNVERIFIED
R1-0906:T09,R1-0906,知识版本、复核、检索与调用政策,planned,HISTORICAL_TRACE_ONLY_REASSESS_VIA_R6_M0,FREEZE_OLD_RUN_ORDER_MERGE_VALID_CLAUSES,UF08,旧包执行顺序/旧栈已被后续计划取代；有效能力与保全验收按此映射继续承接。,UNVERIFIED
R1-0906:T10,R1-0906,人类侧学习全流程,planned,HISTORICAL_TRACE_ONLY_REASSESS_VIA_R6_M0,FREEZE_OLD_RUN_ORDER_MERGE_VALID_CLAUSES,UF05;UF07,旧包执行顺序/旧栈已被后续计划取代；有效能力与保全验收按此映射继续承接。,UNVERIFIED
R1-0906:T11,R1-0906,机器侧HTTP/MCP调用与反馈学习,planned,HISTORICAL_TRACE_ONLY_REASSESS_VIA_R6_M0,FREEZE_OLD_RUN_ORDER_MERGE_VALID_CLAUSES,UF05;UF07;UF09,旧包执行顺序/旧栈已被后续计划取代；有效能力与保全验收按此映射继续承接。,UNVERIFIED
R1-0906:T12,R1-0906,Avalonia完整工作台,planned,HISTORICAL_TRACE_ONLY_REASSESS_VIA_R6_M0,FREEZE_OLD_RUN_ORDER_MERGE_VALID_CLAUSES,UF01;UF02,旧包执行顺序/旧栈已被后续计划取代；有效能力与保全验收按此映射继续承接。,UNVERIFIED
R1-0906:T13,R1-0906,旧能力全面吸收与非空数据迁移验证,planned,HISTORICAL_TRACE_ONLY_REASSESS_VIA_R6_M0,FREEZE_OLD_RUN_ORDER_MERGE_VALID_CLAUSES,CB04,旧包执行顺序/旧栈已被后续计划取代；有效能力与保全验收按此映射继续承接。,UNVERIFIED
R1-0906:T14,R1-0906,全仓规范化收尾,planned,HISTORICAL_TRACE_ONLY_REASSESS_VIA_R6_M0,FREEZE_OLD_RUN_ORDER_MERGE_VALID_CLAUSES,UF00;G01;UF13,旧包执行顺序/旧栈已被后续计划取代；有效能力与保全验收按此映射继续承接。,UNVERIFIED
R1-0906:T15,R1-0906,Windows集成、全格式与双侧资格验收,planned,HISTORICAL_TRACE_ONLY_REASSESS_VIA_R6_M0,FREEZE_OLD_RUN_ORDER_MERGE_VALID_CLAUSES,UF13;M01,旧包执行顺序/旧栈已被后续计划取代；有效能力与保全验收按此映射继续承接。,UNVERIFIED
R1-0906:T16,R1-0906,可交付打包与可回滚使用版,planned,HISTORICAL_TRACE_ONLY_REASSESS_VIA_R6_M0,FREEZE_OLD_RUN_ORDER_MERGE_VALID_CLAUSES,UF00;G01;UF13,旧包执行顺序/旧栈已被后续计划取代；有效能力与保全验收按此映射继续承接。,UNVERIFIED
R1-0906:T18,R1-0906,GPT与图像模型驱动的前端全面升级,planned,HISTORICAL_TRACE_ONLY_REASSESS_VIA_R6_M0,FREEZE_OLD_RUN_ORDER_MERGE_VALID_CLAUSES,H01,旧包执行顺序/旧栈已被后续计划取代；有效能力与保全验收按此映射继续承接。,UNVERIFIED
R1-0906:T19,R1-0906,统一运行根、Agent入口与实际目录边界,planned,HISTORICAL_TRACE_ONLY_REASSESS_VIA_R6_M0,FREEZE_OLD_RUN_ORDER_MERGE_VALID_CLAUSES,H01,旧包执行顺序/旧栈已被后续计划取代；有效能力与保全验收按此映射继续承接。,UNVERIFIED
R1-0906:T20,R1-0906,体积重计、历史资产保全和分批瘦身,planned,HISTORICAL_TRACE_ONLY_REASSESS_VIA_R6_M0,FREEZE_OLD_RUN_ORDER_MERGE_VALID_CLAUSES,H01,旧包执行顺序/旧栈已被后续计划取代；有效能力与保全验收按此映射继续承接。,UNVERIFIED
R2-0907:X00,R2-0907,基线、冲突裁决与唯一任务入口,TODO,HISTORICAL_TRACE_ONLY_REASSESS_VIA_R6_M0,FREEZE_OLD_RUN_ORDER_MERGE_VALID_CLAUSES,UF00;G01;UF13,旧包执行顺序/旧栈已被后续计划取代；有效能力与保全验收按此映射继续承接。,UNVERIFIED
R2-0907:X01,R2-0907,运行路径止增、浏览器失败与关键 CI,TODO,HISTORICAL_TRACE_ONLY_REASSESS_VIA_R6_M0,FREEZE_OLD_RUN_ORDER_MERGE_VALID_CLAUSES,V01,旧包执行顺序/旧栈已被后续计划取代；有效能力与保全验收按此映射继续承接。,UNVERIFIED
R2-0907:X02,R2-0907,旧资产保全与当前能力的语义复用,TODO,HISTORICAL_TRACE_ONLY_REASSESS_VIA_R6_M0,FREEZE_OLD_RUN_ORDER_MERGE_VALID_CLAUSES,H01,旧包执行顺序/旧栈已被后续计划取代；有效能力与保全验收按此映射继续承接。,UNVERIFIED
R2-0907:X03,R2-0907,现成学习工作台资格与默认入口,TODO,HISTORICAL_TRACE_ONLY_REASSESS_VIA_R6_M0,FREEZE_OLD_RUN_ORDER_MERGE_VALID_CLAUSES,UF05;UF07,旧包执行顺序/旧栈已被后续计划取代；有效能力与保全验收按此映射继续承接。,UNVERIFIED
R2-0907:X04,R2-0907,跨语言真实契约及身份语义,TODO,HISTORICAL_TRACE_ONLY_REASSESS_VIA_R6_M0,FREEZE_OLD_RUN_ORDER_MERGE_VALID_CLAUSES,CB02;UF02,旧包执行顺序/旧栈已被后续计划取代；有效能力与保全验收按此映射继续承接。,UNVERIFIED
R2-0907:X05,R2-0907,Rust原件、事务、作业与恢复底座,TODO,HISTORICAL_TRACE_ONLY_REASSESS_VIA_R6_M0,FREEZE_OLD_RUN_ORDER_MERGE_VALID_CLAUSES,UF04;CB01,旧包执行顺序/旧栈已被后续计划取代；有效能力与保全验收按此映射继续承接。,UNVERIFIED
R2-0907:X06,R2-0907,复用workers贯通首批真实格式,TODO,HISTORICAL_TRACE_ONLY_REASSESS_VIA_R6_M0,FREEZE_OLD_RUN_ORDER_MERGE_VALID_CLAUSES,UF11;CB04,旧包执行顺序/旧栈已被后续计划取代；有效能力与保全验收按此映射继续承接。,UNVERIFIED
R2-0907:X07,R2-0907,质量、公开核查、知识修订和搜索,TODO,HISTORICAL_TRACE_ONLY_REASSESS_VIA_R6_M0,FREEZE_OLD_RUN_ORDER_MERGE_VALID_CLAUSES,UF08,旧包执行顺序/旧栈已被后续计划取代；有效能力与保全验收按此映射继续承接。,UNVERIFIED
R2-0907:X08,R2-0907,人类学习侧复用与事件回收,TODO,HISTORICAL_TRACE_ONLY_REASSESS_VIA_R6_M0,FREEZE_OLD_RUN_ORDER_MERGE_VALID_CLAUSES,UF05;UF07,旧包执行顺序/旧栈已被后续计划取代；有效能力与保全验收按此映射继续承接。,UNVERIFIED
R2-0907:X09,R2-0907,机器知识、真实调用、评测与反馈,TODO,HISTORICAL_TRACE_ONLY_REASSESS_VIA_R6_M0,FREEZE_OLD_RUN_ORDER_MERGE_VALID_CLAUSES,UF09,旧包执行顺序/旧栈已被后续计划取代；有效能力与保全验收按此映射继续承接。,UNVERIFIED
R2-0907:X10,R2-0907,旧库非空迁移与无损差分,TODO,HISTORICAL_TRACE_ONLY_REASSESS_VIA_R6_M0,FREEZE_OLD_RUN_ORDER_MERGE_VALID_CLAUSES,CB04,旧包执行顺序/旧栈已被后续计划取代；有效能力与保全验收按此映射继续承接。,UNVERIFIED
R2-0907:X11,R2-0907,Windows人机闭环候选与可用包,TODO,HISTORICAL_TRACE_ONLY_REASSESS_VIA_R6_M0,FREEZE_OLD_RUN_ORDER_MERGE_VALID_CLAUSES,UF13;M01,旧包执行顺序/旧栈已被后续计划取代；有效能力与保全验收按此映射继续承接。,UNVERIFIED
R2-0907:Q00,R2-0907,独立GPT审计M0,TODO,HISTORICAL_TRACE_ONLY_REASSESS_VIA_R6_M0,FREEZE_OLD_RUN_ORDER_MERGE_VALID_CLAUSES,UF00;G01;UF13,旧包执行顺序/旧栈已被后续计划取代；有效能力与保全验收按此映射继续承接。,UNVERIFIED
R2-0907:X12,R2-0907,多格式完整覆盖与学科活动,TODO,HISTORICAL_TRACE_ONLY_REASSESS_VIA_R6_M0,FREEZE_OLD_RUN_ORDER_MERGE_VALID_CLAUSES,UF11;CB04,旧包执行顺序/旧栈已被后续计划取代；有效能力与保全验收按此映射继续承接。,UNVERIFIED
R2-0907:X13,R2-0907,全仓规范化与必要交付体验收口,TODO,HISTORICAL_TRACE_ONLY_REASSESS_VIA_R6_M0,FREEZE_OLD_RUN_ORDER_MERGE_VALID_CLAUSES,UF00;G01;UF13,旧包执行顺序/旧栈已被后续计划取代；有效能力与保全验收按此映射继续承接。,UNVERIFIED
R2-0907:X14,R2-0907,本地50多GB保全清理与容量止增,TODO,HISTORICAL_TRACE_ONLY_REASSESS_VIA_R6_M0,FREEZE_OLD_RUN_ORDER_MERGE_VALID_CLAUSES,S01,旧包执行顺序/旧栈已被后续计划取代；有效能力与保全验收按此映射继续承接。,UNVERIFIED
R2-0907:Q01,R2-0907,独立GPT审计M1及清理结果,TODO,HISTORICAL_TRACE_ONLY_REASSESS_VIA_R6_M0,FREEZE_OLD_RUN_ORDER_MERGE_VALID_CLAUSES,S01;UF00;G01;UF13,旧包执行顺序/旧栈已被后续计划取代；有效能力与保全验收按此映射继续承接。,UNVERIFIED
R2-0907:F01,R2-0907,视觉教学、动画与交互仿真,DEFERRED_RETAINED,HISTORICAL_TRACE_ONLY_REASSESS_VIA_R6_M0,MERGE_BASE_AND_FREEZE_ADVANCED,UF01;UF12;FT01,有效基础条款合并；高级引擎/硬件/资源范围保留意图但冻结自动执行。,UNVERIFIED
R2-0907:F02,R2-0907,大型知识宫殿与2D/2.5D/3D/VR/AR,DEFERRED_RETAINED,HISTORICAL_TRACE_ONLY_REASSESS_VIA_R6_M0,MERGE_BASE_AND_FREEZE_ADVANCED,FT02,有效基础条款合并；高级引擎/硬件/资源范围保留意图但冻结自动执行。,UNVERIFIED
R2-0907:F03,R2-0907,完整人机学习、经验迁移和可选微调,DEFERRED_RETAINED,HISTORICAL_TRACE_ONLY_REASSESS_VIA_R6_M0,MERGE_BASE_AND_FREEZE_ADVANCED,CB04;UF05;UF07;FT03,有效基础条款合并；高级引擎/硬件/资源范围保留意图但冻结自动执行。,UNVERIFIED
R2-0907:F04,R2-0907,多端同步、SDK、扩展和可选协作,DEFERRED_RETAINED,HISTORICAL_TRACE_ONLY_REASSESS_VIA_R6_M0,MERGE_BASE_AND_FREEZE_ADVANCED,FT03,有效基础条款合并；高级引擎/硬件/资源范围保留意图但冻结自动执行。,UNVERIFIED
R2-0907:F05,R2-0907,研究课程项目工作空间与图谱纵深,DEFERRED_RETAINED,HISTORICAL_TRACE_ONLY_REASSESS_VIA_R6_M0,FREEZE_OLD_RUN_ORDER_MERGE_VALID_CLAUSES,UF05;UF07;UF08,旧包执行顺序/旧栈已被后续计划取代；有效能力与保全验收按此映射继续承接。,UNVERIFIED
R2-0907:F06,R2-0907,吸收失败后的必要独立实现,DEFERRED_RETAINED,HISTORICAL_TRACE_ONLY_REASSESS_VIA_R6_M0,FREEZE_OLD_RUN_ORDER_MERGE_VALID_CLAUSES,H01,旧包执行顺序/旧栈已被后续计划取代；有效能力与保全验收按此映射继续承接。,UNVERIFIED
R3-0908:X00,R3-0908,基线、冲突裁决与唯一任务入口,REOPENED,HISTORICAL_TRACE_ONLY_REASSESS_VIA_R6_M0,FREEZE_OLD_RUN_ORDER_MERGE_VALID_CLAUSES,UF00;G01;UF13,旧包执行顺序/旧栈已被后续计划取代；有效能力与保全验收按此映射继续承接。,UNVERIFIED
R3-0908:X01,R3-0908,运行路径止增、浏览器失败与关键 CI,PARTIAL,HISTORICAL_TRACE_ONLY_REASSESS_VIA_R6_M0,FREEZE_OLD_RUN_ORDER_MERGE_VALID_CLAUSES,V01,旧包执行顺序/旧栈已被后续计划取代；有效能力与保全验收按此映射继续承接。,UNVERIFIED
R3-0908:X02,R3-0908,旧资产保全与当前能力的语义复用,PARTIAL,HISTORICAL_TRACE_ONLY_REASSESS_VIA_R6_M0,FREEZE_OLD_RUN_ORDER_MERGE_VALID_CLAUSES,H01,旧包执行顺序/旧栈已被后续计划取代；有效能力与保全验收按此映射继续承接。,UNVERIFIED
R3-0908:X03,R3-0908,现成学习工作台资格与默认入口,PARTIAL,HISTORICAL_TRACE_ONLY_REASSESS_VIA_R6_M0,FREEZE_OLD_RUN_ORDER_MERGE_VALID_CLAUSES,UF05;UF07,旧包执行顺序/旧栈已被后续计划取代；有效能力与保全验收按此映射继续承接。,UNVERIFIED
R3-0908:X04,R3-0908,跨语言真实契约及身份语义,REOPENED,HISTORICAL_TRACE_ONLY_REASSESS_VIA_R6_M0,FREEZE_OLD_RUN_ORDER_MERGE_VALID_CLAUSES,CB02;UF02,旧包执行顺序/旧栈已被后续计划取代；有效能力与保全验收按此映射继续承接。,UNVERIFIED
R3-0908:X05,R3-0908,Rust原件、事务、作业与恢复底座,REOPENED,HISTORICAL_TRACE_ONLY_REASSESS_VIA_R6_M0,FREEZE_OLD_RUN_ORDER_MERGE_VALID_CLAUSES,UF04;CB01,旧包执行顺序/旧栈已被后续计划取代；有效能力与保全验收按此映射继续承接。,UNVERIFIED
R3-0908:X06,R3-0908,复用workers贯通首批真实格式,PARTIAL,HISTORICAL_TRACE_ONLY_REASSESS_VIA_R6_M0,FREEZE_OLD_RUN_ORDER_MERGE_VALID_CLAUSES,UF11;CB04,旧包执行顺序/旧栈已被后续计划取代；有效能力与保全验收按此映射继续承接。,UNVERIFIED
R3-0908:X07,R3-0908,质量、公开核查、知识修订和搜索,REOPENED,HISTORICAL_TRACE_ONLY_REASSESS_VIA_R6_M0,FREEZE_OLD_RUN_ORDER_MERGE_VALID_CLAUSES,UF08,旧包执行顺序/旧栈已被后续计划取代；有效能力与保全验收按此映射继续承接。,UNVERIFIED
R3-0908:X08,R3-0908,人类学习侧复用与事件回收,PARTIAL,HISTORICAL_TRACE_ONLY_REASSESS_VIA_R6_M0,FREEZE_OLD_RUN_ORDER_MERGE_VALID_CLAUSES,UF05;UF07,旧包执行顺序/旧栈已被后续计划取代；有效能力与保全验收按此映射继续承接。,UNVERIFIED
R3-0908:X09,R3-0908,机器知识、真实调用、评测与反馈,PARTIAL,HISTORICAL_TRACE_ONLY_REASSESS_VIA_R6_M0,FREEZE_OLD_RUN_ORDER_MERGE_VALID_CLAUSES,UF09,旧包执行顺序/旧栈已被后续计划取代；有效能力与保全验收按此映射继续承接。,UNVERIFIED
R3-0908:X10,R3-0908,旧库非空迁移与无损差分,PARTIAL,HISTORICAL_TRACE_ONLY_REASSESS_VIA_R6_M0,FREEZE_OLD_RUN_ORDER_MERGE_VALID_CLAUSES,CB04,旧包执行顺序/旧栈已被后续计划取代；有效能力与保全验收按此映射继续承接。,UNVERIFIED
R3-0908:X11,R3-0908,Windows人机闭环候选与可用包,PARTIAL,HISTORICAL_TRACE_ONLY_REASSESS_VIA_R6_M0,FREEZE_OLD_RUN_ORDER_MERGE_VALID_CLAUSES,UF13;M01,旧包执行顺序/旧栈已被后续计划取代；有效能力与保全验收按此映射继续承接。,UNVERIFIED
R3-0908:Q00,R3-0908,独立GPT审计M0,FAILED_AT_BASELINE,HISTORICAL_TRACE_ONLY_REASSESS_VIA_R6_M0,FREEZE_OLD_RUN_ORDER_MERGE_VALID_CLAUSES,UF00;G01;UF13,旧包执行顺序/旧栈已被后续计划取代；有效能力与保全验收按此映射继续承接。,UNVERIFIED
R3-0908:X12,R3-0908,多格式完整覆盖与学科活动,PARTIAL,HISTORICAL_TRACE_ONLY_REASSESS_VIA_R6_M0,FREEZE_OLD_RUN_ORDER_MERGE_VALID_CLAUSES,UF11;CB04,旧包执行顺序/旧栈已被后续计划取代；有效能力与保全验收按此映射继续承接。,UNVERIFIED
R3-0908:X13,R3-0908,全仓规范化与必要交付体验收口,PARTIAL,HISTORICAL_TRACE_ONLY_REASSESS_VIA_R6_M0,FREEZE_OLD_RUN_ORDER_MERGE_VALID_CLAUSES,UF00;G01;UF13,旧包执行顺序/旧栈已被后续计划取代；有效能力与保全验收按此映射继续承接。,UNVERIFIED
R3-0908:X14,R3-0908,本地50多GB保全清理与容量止增,PARTIAL,HISTORICAL_TRACE_ONLY_REASSESS_VIA_R6_M0,FREEZE_OLD_RUN_ORDER_MERGE_VALID_CLAUSES,S01,旧包执行顺序/旧栈已被后续计划取代；有效能力与保全验收按此映射继续承接。,UNVERIFIED
R3-0908:Q01,R3-0908,独立GPT审计M1及清理结果,NOT_READY,HISTORICAL_TRACE_ONLY_REASSESS_VIA_R6_M0,FREEZE_OLD_RUN_ORDER_MERGE_VALID_CLAUSES,S01;UF00;G01;UF13,旧包执行顺序/旧栈已被后续计划取代；有效能力与保全验收按此映射继续承接。,UNVERIFIED
R3-0908:F01,R3-0908,视觉教学、动画与交互仿真,DEFERRED_RETAINED,HISTORICAL_TRACE_ONLY_REASSESS_VIA_R6_M0,MERGE_BASE_AND_FREEZE_ADVANCED,UF01;UF12;FT01,有效基础条款合并；高级引擎/硬件/资源范围保留意图但冻结自动执行。,UNVERIFIED
R3-0908:F02,R3-0908,大型知识宫殿与2D/2.5D/3D/VR/AR,DEFERRED_RETAINED,HISTORICAL_TRACE_ONLY_REASSESS_VIA_R6_M0,MERGE_BASE_AND_FREEZE_ADVANCED,FT02,有效基础条款合并；高级引擎/硬件/资源范围保留意图但冻结自动执行。,UNVERIFIED
R3-0908:F03,R3-0908,完整人机学习、经验迁移和可选微调,DEFERRED_RETAINED,HISTORICAL_TRACE_ONLY_REASSESS_VIA_R6_M0,MERGE_BASE_AND_FREEZE_ADVANCED,CB04;UF05;UF07;FT03,有效基础条款合并；高级引擎/硬件/资源范围保留意图但冻结自动执行。,UNVERIFIED
R3-0908:F04,R3-0908,多端同步、SDK、扩展和可选协作,DEFERRED_RETAINED,HISTORICAL_TRACE_ONLY_REASSESS_VIA_R6_M0,MERGE_BASE_AND_FREEZE_ADVANCED,FT03,有效基础条款合并；高级引擎/硬件/资源范围保留意图但冻结自动执行。,UNVERIFIED
R3-0908:F05,R3-0908,研究课程项目工作空间与图谱纵深,DEFERRED_RETAINED,HISTORICAL_TRACE_ONLY_REASSESS_VIA_R6_M0,FREEZE_OLD_RUN_ORDER_MERGE_VALID_CLAUSES,UF05;UF07;UF08,旧包执行顺序/旧栈已被后续计划取代；有效能力与保全验收按此映射继续承接。,UNVERIFIED
R3-0908:F06,R3-0908,吸收失败后的必要独立实现,DEFERRED_RETAINED,HISTORICAL_TRACE_ONLY_REASSESS_VIA_R6_M0,FREEZE_OLD_RUN_ORDER_MERGE_VALID_CLAUSES,H01,旧包执行顺序/旧栈已被后续计划取代；有效能力与保全验收按此映射继续承接。,UNVERIFIED
R3-0910:R00,R3-0910,锁定实际基线与唯一执行入口,TODO,HISTORICAL_TRACE_ONLY_REASSESS_VIA_R6_M0,FREEZE_OLD_RUN_ORDER_MERGE_VALID_CLAUSES,UF00;G01;UF13,旧包执行顺序/旧栈已被后续计划取代；有效能力与保全验收按此映射继续承接。,UNVERIFIED
R3-0910:R01,R3-0910,目录止增与全范围容量基线,TODO,HISTORICAL_TRACE_ONLY_REASSESS_VIA_R6_M0,FREEZE_OLD_RUN_ORDER_MERGE_VALID_CLAUSES,S01;UF00;G01;UF13,旧包执行顺序/旧栈已被后续计划取代；有效能力与保全验收按此映射继续承接。,UNVERIFIED
R3-0910:R02,R3-0910,知识正文不可变与修订,TODO,HISTORICAL_TRACE_ONLY_REASSESS_VIA_R6_M0,FREEZE_OLD_RUN_ORDER_MERGE_VALID_CLAUSES,UF03,旧包执行顺序/旧栈已被后续计划取代；有效能力与保全验收按此映射继续承接。,UNVERIFIED
R3-0910:R03,R3-0910,旧v3归档向后兼容,TODO,HISTORICAL_TRACE_ONLY_REASSESS_VIA_R6_M0,FREEZE_OLD_RUN_ORDER_MERGE_VALID_CLAUSES,H01,旧包执行顺序/旧栈已被后续计划取代；有效能力与保全验收按此映射继续承接。,UNVERIFIED
R3-0910:R04,R3-0910,宿主身份与凭据隔离,TODO,HISTORICAL_TRACE_ONLY_REASSESS_VIA_R6_M0,FREEZE_OLD_RUN_ORDER_MERGE_VALID_CLAUSES,CB02;UF02,旧包执行顺序/旧栈已被后续计划取代；有效能力与保全验收按此映射继续承接。,UNVERIFIED
R3-0910:R05,R3-0910,学习事件幂等与FSRS接线,TODO,HISTORICAL_TRACE_ONLY_REASSESS_VIA_R6_M0,FREEZE_OLD_RUN_ORDER_MERGE_VALID_CLAUSES,UF05;UF07,旧包执行顺序/旧栈已被后续计划取代；有效能力与保全验收按此映射继续承接。,UNVERIFIED
R3-0910:R06,R3-0910,公开核查结果与云端交叉核查,TODO,HISTORICAL_TRACE_ONLY_REASSESS_VIA_R6_M0,FREEZE_OLD_RUN_ORDER_MERGE_VALID_CLAUSES,H01,旧包执行顺序/旧栈已被后续计划取代；有效能力与保全验收按此映射继续承接。,UNVERIFIED
R3-0910:R07,R3-0910,旧资产非空迁移收口,TODO,HISTORICAL_TRACE_ONLY_REASSESS_VIA_R6_M0,FREEZE_OLD_RUN_ORDER_MERGE_VALID_CLAUSES,CB04,旧包执行顺序/旧栈已被后续计划取代；有效能力与保全验收按此映射继续承接。,UNVERIFIED
R3-0910:R08,R3-0910,统一转换管线与质量展示,TODO,HISTORICAL_TRACE_ONLY_REASSESS_VIA_R6_M0,FREEZE_OLD_RUN_ORDER_MERGE_VALID_CLAUSES,UF11;CB04,旧包执行顺序/旧栈已被后续计划取代；有效能力与保全验收按此映射继续承接。,UNVERIFIED
R3-0910:R09,R3-0910,原文双向导航与下游失效,TODO,HISTORICAL_TRACE_ONLY_REASSESS_VIA_R6_M0,FREEZE_OLD_RUN_ORDER_MERGE_VALID_CLAUSES,UF03;UF01;UF02,旧包执行顺序/旧栈已被后续计划取代；有效能力与保全验收按此映射继续承接。,UNVERIFIED
R3-0910:R10,R3-0910,DeepTutor—Core与人类学习可用入口,TODO,HISTORICAL_TRACE_ONLY_REASSESS_VIA_R6_M0,FREEZE_OLD_RUN_ORDER_MERGE_VALID_CLAUSES,UF05;UF07,旧包执行顺序/旧栈已被后续计划取代；有效能力与保全验收按此映射继续承接。,UNVERIFIED
R3-0910:R11,R3-0910,真实机器学习与双向反馈闭环,TODO,HISTORICAL_TRACE_ONLY_REASSESS_VIA_R6_M0,FREEZE_OLD_RUN_ORDER_MERGE_VALID_CLAUSES,UF05;UF07;UF09,旧包执行顺序/旧栈已被后续计划取代；有效能力与保全验收按此映射继续承接。,UNVERIFIED
R3-0910:R12,R3-0910,安全清理与终态容量证明,TODO,HISTORICAL_TRACE_ONLY_REASSESS_VIA_R6_M0,FREEZE_OLD_RUN_ORDER_MERGE_VALID_CLAUSES,S01,旧包执行顺序/旧栈已被后续计划取代；有效能力与保全验收按此映射继续承接。,UNVERIFIED
R3-0910:R13,R3-0910,Windows可用包与同源证据,TODO,HISTORICAL_TRACE_ONLY_REASSESS_VIA_R6_M0,FREEZE_OLD_RUN_ORDER_MERGE_VALID_CLAUSES,UF13;M01,旧包执行顺序/旧栈已被后续计划取代；有效能力与保全验收按此映射继续承接。,UNVERIFIED
R3-0910:R14,R3-0910,Q00独立复审,TODO,HISTORICAL_TRACE_ONLY_REASSESS_VIA_R6_M0,FREEZE_OLD_RUN_ORDER_MERGE_VALID_CLAUSES,UF00;G01;UF13,旧包执行顺序/旧栈已被后续计划取代；有效能力与保全验收按此映射继续承接。,UNVERIFIED
R3-0910:R15,R3-0910,M1全格式、互操作与仓库语言治理,TODO,HISTORICAL_TRACE_ONLY_REASSESS_VIA_R6_M0,FREEZE_OLD_RUN_ORDER_MERGE_VALID_CLAUSES,UF00;G01;UF13,旧包执行顺序/旧栈已被后续计划取代；有效能力与保全验收按此映射继续承接。,UNVERIFIED
R3-0910:R16,R3-0910,Q01完整性与容量复审,TODO,HISTORICAL_TRACE_ONLY_REASSESS_VIA_R6_M0,FREEZE_OLD_RUN_ORDER_MERGE_VALID_CLAUSES,S01;UF00;G01;UF13,旧包执行顺序/旧栈已被后续计划取代；有效能力与保全验收按此映射继续承接。,UNVERIFIED
R5-0912:X00,R5-0912,基线、冲突裁决与唯一任务入口,REOPENED,HISTORICAL_TRACE_ONLY_REASSESS_VIA_R6_M0,FREEZE_OLD_RUN_ORDER_MERGE_VALID_CLAUSES,UF00;G01;UF13,旧包执行顺序/旧栈已被后续计划取代；有效能力与保全验收按此映射继续承接。,UNVERIFIED
R5-0912:X01,R5-0912,运行路径止增、浏览器失败与关键 CI,PARTIAL,HISTORICAL_TRACE_ONLY_REASSESS_VIA_R6_M0,FREEZE_OLD_RUN_ORDER_MERGE_VALID_CLAUSES,V01,旧包执行顺序/旧栈已被后续计划取代；有效能力与保全验收按此映射继续承接。,UNVERIFIED
R5-0912:X02,R5-0912,旧资产保全与当前能力的语义复用,PARTIAL,HISTORICAL_TRACE_ONLY_REASSESS_VIA_R6_M0,FREEZE_OLD_RUN_ORDER_MERGE_VALID_CLAUSES,H01,旧包执行顺序/旧栈已被后续计划取代；有效能力与保全验收按此映射继续承接。,UNVERIFIED
R5-0912:X03,R5-0912,现成学习工作台资格与默认入口,PARTIAL,HISTORICAL_TRACE_ONLY_REASSESS_VIA_R6_M0,FREEZE_OLD_RUN_ORDER_MERGE_VALID_CLAUSES,UF05;UF07,旧包执行顺序/旧栈已被后续计划取代；有效能力与保全验收按此映射继续承接。,UNVERIFIED
R5-0912:X04,R5-0912,跨语言真实契约及身份语义,REOPENED,HISTORICAL_TRACE_ONLY_REASSESS_VIA_R6_M0,FREEZE_OLD_RUN_ORDER_MERGE_VALID_CLAUSES,CB02;UF02,旧包执行顺序/旧栈已被后续计划取代；有效能力与保全验收按此映射继续承接。,UNVERIFIED
R5-0912:X05,R5-0912,Rust原件、事务、作业与恢复底座,REOPENED,HISTORICAL_TRACE_ONLY_REASSESS_VIA_R6_M0,FREEZE_OLD_RUN_ORDER_MERGE_VALID_CLAUSES,UF04;CB01,旧包执行顺序/旧栈已被后续计划取代；有效能力与保全验收按此映射继续承接。,UNVERIFIED
R5-0912:X06,R5-0912,复用workers贯通首批真实格式,PARTIAL,HISTORICAL_TRACE_ONLY_REASSESS_VIA_R6_M0,FREEZE_OLD_RUN_ORDER_MERGE_VALID_CLAUSES,UF11;CB04,旧包执行顺序/旧栈已被后续计划取代；有效能力与保全验收按此映射继续承接。,UNVERIFIED
R5-0912:X07,R5-0912,质量、公开核查、知识修订和搜索,REOPENED,HISTORICAL_TRACE_ONLY_REASSESS_VIA_R6_M0,FREEZE_OLD_RUN_ORDER_MERGE_VALID_CLAUSES,UF08,旧包执行顺序/旧栈已被后续计划取代；有效能力与保全验收按此映射继续承接。,UNVERIFIED
R5-0912:X08,R5-0912,人类学习侧复用与事件回收,PARTIAL,HISTORICAL_TRACE_ONLY_REASSESS_VIA_R6_M0,FREEZE_OLD_RUN_ORDER_MERGE_VALID_CLAUSES,UF05;UF07,旧包执行顺序/旧栈已被后续计划取代；有效能力与保全验收按此映射继续承接。,UNVERIFIED
R5-0912:X09,R5-0912,机器知识、真实调用、评测与反馈,PARTIAL,HISTORICAL_TRACE_ONLY_REASSESS_VIA_R6_M0,FREEZE_OLD_RUN_ORDER_MERGE_VALID_CLAUSES,UF09,旧包执行顺序/旧栈已被后续计划取代；有效能力与保全验收按此映射继续承接。,UNVERIFIED
R5-0912:X10,R5-0912,旧库非空迁移与无损差分,PARTIAL,HISTORICAL_TRACE_ONLY_REASSESS_VIA_R6_M0,FREEZE_OLD_RUN_ORDER_MERGE_VALID_CLAUSES,CB04,旧包执行顺序/旧栈已被后续计划取代；有效能力与保全验收按此映射继续承接。,UNVERIFIED
R5-0912:X11,R5-0912,Windows人机闭环候选与可用包,PARTIAL,HISTORICAL_TRACE_ONLY_REASSESS_VIA_R6_M0,FREEZE_OLD_RUN_ORDER_MERGE_VALID_CLAUSES,UF13;M01,旧包执行顺序/旧栈已被后续计划取代；有效能力与保全验收按此映射继续承接。,UNVERIFIED
R5-0912:Q00,R5-0912,独立GPT审计M0,FAILED_AT_BASELINE,HISTORICAL_TRACE_ONLY_REASSESS_VIA_R6_M0,FREEZE_OLD_RUN_ORDER_MERGE_VALID_CLAUSES,UF00;G01;UF13,旧包执行顺序/旧栈已被后续计划取代；有效能力与保全验收按此映射继续承接。,UNVERIFIED
R5-0912:X12,R5-0912,多格式完整覆盖与学科活动,PARTIAL,HISTORICAL_TRACE_ONLY_REASSESS_VIA_R6_M0,FREEZE_OLD_RUN_ORDER_MERGE_VALID_CLAUSES,UF11;CB04,旧包执行顺序/旧栈已被后续计划取代；有效能力与保全验收按此映射继续承接。,UNVERIFIED
R5-0912:X13,R5-0912,全仓规范化与必要交付体验收口,PARTIAL,HISTORICAL_TRACE_ONLY_REASSESS_VIA_R6_M0,FREEZE_OLD_RUN_ORDER_MERGE_VALID_CLAUSES,UF00;G01;UF13,旧包执行顺序/旧栈已被后续计划取代；有效能力与保全验收按此映射继续承接。,UNVERIFIED
R5-0912:X14,R5-0912,本地50多GB保全清理与容量止增,PARTIAL,HISTORICAL_TRACE_ONLY_REASSESS_VIA_R6_M0,FREEZE_OLD_RUN_ORDER_MERGE_VALID_CLAUSES,S01,旧包执行顺序/旧栈已被后续计划取代；有效能力与保全验收按此映射继续承接。,UNVERIFIED
R5-0912:Q01,R5-0912,独立GPT审计M1及清理结果,NOT_READY,HISTORICAL_TRACE_ONLY_REASSESS_VIA_R6_M0,FREEZE_OLD_RUN_ORDER_MERGE_VALID_CLAUSES,S01;UF00;G01;UF13,旧包执行顺序/旧栈已被后续计划取代；有效能力与保全验收按此映射继续承接。,UNVERIFIED
R5-0912:F01,R5-0912,视觉教学、动画与交互仿真,DEFERRED_RETAINED,HISTORICAL_TRACE_ONLY_REASSESS_VIA_R6_M0,MERGE_BASE_AND_FREEZE_ADVANCED,UF01;UF12;FT01,有效基础条款合并；高级引擎/硬件/资源范围保留意图但冻结自动执行。,UNVERIFIED
R5-0912:F02,R5-0912,大型知识宫殿与2D/2.5D/3D/VR/AR,DEFERRED_RETAINED,HISTORICAL_TRACE_ONLY_REASSESS_VIA_R6_M0,MERGE_BASE_AND_FREEZE_ADVANCED,FT02,有效基础条款合并；高级引擎/硬件/资源范围保留意图但冻结自动执行。,UNVERIFIED
R5-0912:F03,R5-0912,完整人机学习、经验迁移和可选微调,DEFERRED_RETAINED,HISTORICAL_TRACE_ONLY_REASSESS_VIA_R6_M0,MERGE_BASE_AND_FREEZE_ADVANCED,CB04;UF05;UF07;FT03,有效基础条款合并；高级引擎/硬件/资源范围保留意图但冻结自动执行。,UNVERIFIED
R5-0912:F04,R5-0912,多端同步、SDK、扩展和可选协作,DEFERRED_RETAINED,HISTORICAL_TRACE_ONLY_REASSESS_VIA_R6_M0,MERGE_BASE_AND_FREEZE_ADVANCED,FT03,有效基础条款合并；高级引擎/硬件/资源范围保留意图但冻结自动执行。,UNVERIFIED
R5-0912:F05,R5-0912,研究课程项目工作空间与图谱纵深,DEFERRED_RETAINED,HISTORICAL_TRACE_ONLY_REASSESS_VIA_R6_M0,FREEZE_OLD_RUN_ORDER_MERGE_VALID_CLAUSES,UF05;UF07;UF08,旧包执行顺序/旧栈已被后续计划取代；有效能力与保全验收按此映射继续承接。,UNVERIFIED
R5-0912:F06,R5-0912,吸收失败后的必要独立实现,DEFERRED_RETAINED,HISTORICAL_TRACE_ONLY_REASSESS_VIA_R6_M0,FREEZE_OLD_RUN_ORDER_MERGE_VALID_CLAUSES,H01,旧包执行顺序/旧栈已被后续计划取代；有效能力与保全验收按此映射继续承接。,UNVERIFIED
UI-PLAN-0924:Task-1,UI-PLAN-0924,Persist and restore ordinary-source Reader context,,PARTIAL_REQUIRES_EXACT_SOURCE_NATIVE_ACCEPTANCE,MERGE_VALID_CLAUSES,UF04;CB01;UF03,复用既有能力与真实验收条件，不用原日期状态推定当前完成。,UNVERIFIED
UI-PLAN-0924:Task-2,UI-PLAN-0924,"Close navigation, command and assistive-technology semantics",,PARTIAL_REQUIRES_EXACT_SOURCE_NATIVE_ACCEPTANCE,MERGE_VALID_CLAUSES,UF01;UF02,复用既有能力与真实验收条件，不用原日期状态推定当前完成。,UNVERIFIED
UI-PLAN-0924:Task-3,UI-PLAN-0924,Reduce MainWindow coupling through incremental view extraction,,PARTIAL_REQUIRES_EXACT_SOURCE_NATIVE_ACCEPTANCE,FREEZE_OBSOLETE_AVALONIA_REFACTOR,G01,Avalonia MainWindow 重构不再是正式 Tauri UI 路线；代码保持恢复/行为供体。,UNVERIFIED
UI-PLAN-0924:Task-4,UI-PLAN-0924,Complete product visual assets and motion system,,PARTIAL_REQUIRES_EXACT_SOURCE_NATIVE_ACCEPTANCE,MERGE_VALID_CLAUSES,UF01;UF12,复用既有能力与真实验收条件，不用原日期状态推定当前完成。,UNVERIFIED
UI-PLAN-0924:Task-5,UI-PLAN-0924,Finish Core-backed frontend workflows and honest domain boundaries,,PARTIAL_REQUIRES_EXACT_SOURCE_NATIVE_ACCEPTANCE,MERGE_VALID_CLAUSES,H01,复用既有能力与真实验收条件，不用原日期状态推定当前完成。,UNVERIFIED
UI-PLAN-0924:Task-6,UI-PLAN-0924,"Prove responsive layout, keyboard, UIA and visual quality in a real window",,PARTIAL_REQUIRES_EXACT_SOURCE_NATIVE_ACCEPTANCE,MERGE_VALID_CLAUSES,UF01;UF02;UF12;UF13;M01,复用既有能力与真实验收条件，不用原日期状态推定当前完成。,UNVERIFIED
UI-PLAN-0924:Task-7,UI-PLAN-0924,Complete the M0 P3 real learning Golden Journey,,PARTIAL_REQUIRES_EXACT_SOURCE_NATIVE_ACCEPTANCE,MERGE_VALID_CLAUSES,UF05;UF07,复用既有能力与真实验收条件，不用原日期状态推定当前完成。,UNVERIFIED
UI-PLAN-0924:Task-8,UI-PLAN-0924,Build and stage an exact-SHA Local Green Candidate for owner review,,PARTIAL_REQUIRES_EXACT_SOURCE_NATIVE_ACCEPTANCE,MERGE_VALID_CLAUSES,UF13;M01,复用既有能力与真实验收条件，不用原日期状态推定当前完成。,UNVERIFIED
DP-0925:DP-GIT-01,DP-0925,branch/commit semantic audit (start now; read-only product review),,HISTORICAL_ASSIGNMENT_RECHECK_INTEGRATION,MERGE_VALID_CLAUSES,H01,复用既有能力与真实验收条件，不用原日期状态推定当前完成。,UNVERIFIED
DP-0925:DP-UI-01,DP-0925,native GUI acceptance (wait for root's current-tree Candidate),,HISTORICAL_ASSIGNMENT_RECHECK_INTEGRATION,MERGE_VALID_CLAUSES,UF13;M01,复用既有能力与真实验收条件，不用原日期状态推定当前完成。,UNVERIFIED
DP-0925:DP-UI-02,DP-0925,measured frontend defect fix (only after DP-UI-01),,HISTORICAL_ASSIGNMENT_RECHECK_INTEGRATION,MERGE_VALID_CLAUSES,H01,复用既有能力与真实验收条件，不用原日期状态推定当前完成。,UNVERIFIED
DP-0925:DP-F01,DP-0925,real text quality roundtrip (independent M0 P1 slice; candidate implementation),,HISTORICAL_ASSIGNMENT_RECHECK_INTEGRATION,MERGE_VALID_CLAUSES,UF13;M01,复用既有能力与真实验收条件，不用原日期状态推定当前完成。,UNVERIFIED
DP-0925:DP-A11,DP-0925,"Research contract gap analysis (optional read-only, after DP-GIT-01)",,HISTORICAL_ASSIGNMENT_RECHECK_INTEGRATION,MERGE_VALID_CLAUSES,UF08;CB02;UF02;UF00;G01;UF13,复用既有能力与真实验收条件，不用原日期状态推定当前完成。,UNVERIFIED
ECOSYSTEM-1001:H7-D11,ECOSYSTEM-1001,知识 owner 与 provenance 人审版本合同,,PARTIAL_RECHECK_CURRENT,MERGE_VALID_CLAUSES,CB02;UF02,复用既有能力与真实验收条件，不用原日期状态推定当前完成。,UNVERIFIED
ECOSYSTEM-1001:Q8-F18,ECOSYSTEM-1001,核验 AGENTS 指向的 WORK-LAB 全局标准路径,,NEEDS_EXTERNAL_READBACK,MERGE_VALID_CLAUSES,H01,复用既有能力与真实验收条件，不用原日期状态推定当前完成。,UNVERIFIED
ECOSYSTEM-1001:I7-F01,ECOSYSTEM-1001,外部归档仅是切片，不外推当前全树状态,,AUDIT_RULE,MERGE_VALID_CLAUSES,H01,复用既有能力与真实验收条件，不用原日期状态推定当前完成。,UNVERIFIED
ECOSYSTEM-1001:D01-D02-P00-P06,ECOSYSTEM-1001,三项目独立 owner 与覆盖映射,,AUDIT_RULE,MERGE_VALID_CLAUSES,H01,复用既有能力与真实验收条件，不用原日期状态推定当前完成。,UNVERIFIED
ECOSYSTEM-1001:P05-P09-D15,ECOSYSTEM-1001,生成器输出归属与增量仓库卫生,,PROPOSAL_NOT_ADOPTED,MERGE_VALID_CLAUSES,H01,复用既有能力与真实验收条件，不用原日期状态推定当前完成。,UNVERIFIED
ECOSYSTEM-1001:D08-D09-P07,ECOSYSTEM-1001,目录、重复资产及缓存迁移,,PAUSED_BY_USER_CLEANUP_STOP,MERGE_VALID_CLAUSES,CB04;S01,复用既有能力与真实验收条件，不用原日期状态推定当前完成。,UNVERIFIED
ECOSYSTEM-1001:D12-P15,ECOSYSTEM-1001,模型/软件逐版本资格化,,OPEN_OR_PARTIAL,MERGE_VALID_CLAUSES,H01,复用既有能力与真实验收条件，不用原日期状态推定当前完成。,UNVERIFIED
ECOSYSTEM-1001:P16,ECOSYSTEM-1001,各仓独立精确 SHA 交付,,OPEN_OR_PARTIAL,MERGE_VALID_CLAUSES,UF00;G01;UF13,复用既有能力与真实验收条件，不用原日期状态推定当前完成。,UNVERIFIED
ECOSYSTEM-1001:F19,ECOSYSTEM-1001,外部门禁不证明 AAOS 真实边界,,AUDIT_RULE,MERGE_VALID_CLAUSES,H01,复用既有能力与真实验收条件，不用原日期状态推定当前完成。,UNVERIFIED
AAOS01-1004:Q00,AAOS01-1004,现场保护,PARTIAL,PLANNING_RECONCILIATION,REUSE_IMPLEMENTATION_AND_REQUALIFY,UF00;S01,保留原 Q 合同及日期证据；只实现缺口，在新源码快照独立验收。,NOT_EXECUTED
AAOS01-1004:Q01,AAOS01-1004,决定目录构建,TESTED_LOCAL,PLANNING_RECONCILIATION,REUSE_IMPLEMENTATION_AND_REQUALIFY,UF00;UF02,保留原 Q 合同及日期证据；只实现缺口，在新源码快照独立验收。,NOT_EXECUTED
AAOS01-1004:Q02,AAOS01-1004,Tauri桥接,INSTALLED_RUNTIME_VERIFIED / PARTIAL,PLANNING_RECONCILIATION,REUSE_IMPLEMENTATION_AND_REQUALIFY,UF02;UF13,保留原 Q 合同及日期证据；只实现缺口，在新源码快照独立验收。,NOT_EXECUTED
AAOS01-1004:Q03,AAOS01-1004,合同命令权限,TESTED_LOCAL,PLANNING_RECONCILIATION,REUSE_IMPLEMENTATION_AND_REQUALIFY,UF02;CB01;CB02,保留原 Q 合同及日期证据；只实现缺口，在新源码快照独立验收。,NOT_EXECUTED
AAOS01-1004:Q04,AAOS01-1004,原件块草稿保存,TESTED_LOCAL,PLANNING_RECONCILIATION,REUSE_IMPLEMENTATION_AND_REQUALIFY,UF03;CB03,保留原 Q 合同及日期证据；只实现缺口，在新源码快照独立验收。,NOT_EXECUTED
AAOS01-1004:Q05,AAOS01-1004,阅读引用,INSTALLED_RUNTIME_VERIFIED / TESTED_LOCAL,PLANNING_RECONCILIATION,REUSE_IMPLEMENTATION_AND_REQUALIFY,UF03,保留原 Q 合同及日期证据；只实现缺口，在新源码快照独立验收。,NOT_EXECUTED
AAOS01-1004:Q06,AAOS01-1004,多格式,INSTALLED_RUNTIME_VERIFIED / TESTED_LOCAL,PLANNING_RECONCILIATION,REUSE_IMPLEMENTATION_AND_REQUALIFY,UF11;CB04,保留原 Q 合同及日期证据；只实现缺口，在新源码快照独立验收。,NOT_EXECUTED
AAOS01-1004:Q07,AAOS01-1004,候选纠正,PARTIAL / AWAITING_OWNER,PLANNING_RECONCILIATION,REUSE_IMPLEMENTATION_AND_REQUALIFY,UF09;M01,保留原 Q 合同及日期证据；只实现缺口，在新源码快照独立验收。,NOT_EXECUTED
AAOS01-1004:Q08,AAOS01-1004,学习AI闭环,TESTED_LOCAL / PARTIAL,PLANNING_RECONCILIATION,REUSE_IMPLEMENTATION_AND_REQUALIFY,UF05;UF07;UF09;M01,保留原 Q 合同及日期证据；只实现缺口，在新源码快照独立验收。,NOT_EXECUTED
AAOS01-1004:Q09,AAOS01-1004,搜索能力目录,INSTALLED_RUNTIME_VERIFIED / TESTED_LOCAL,PLANNING_RECONCILIATION,REUSE_IMPLEMENTATION_AND_REQUALIFY,UF03;UF06;UF08,保留原 Q 合同及日期证据；只实现缺口，在新源码快照独立验收。,NOT_EXECUTED
AAOS01-1004:Q10,AAOS01-1004,互通导出,TESTED_LOCAL / PARTIAL,PLANNING_RECONCILIATION,REUSE_IMPLEMENTATION_AND_REQUALIFY,UF07;UF11,保留原 Q 合同及日期证据；只实现缺口，在新源码快照独立验收。,NOT_EXECUTED
AAOS01-1004:Q11,AAOS01-1004,一致备份恢复,INSTALLED_RUNTIME_VERIFIED / PARTIAL,PLANNING_RECONCILIATION,REUSE_IMPLEMENTATION_AND_REQUALIFY,CB01;UF04;M01,保留原 Q 合同及日期证据；只实现缺口，在新源码快照独立验收。,NOT_EXECUTED
AAOS01-1004:Q12,AAOS01-1004,轻格式增补,TESTED_LOCAL / RECEIPT_GAP,PLANNING_RECONCILIATION,REUSE_IMPLEMENTATION_AND_REQUALIFY,CB04;UF11,保留原 Q 合同及日期证据；只实现缺口，在新源码快照独立验收。,NOT_EXECUTED
AAOS01-1004:Q13,AAOS01-1004,性能故障,TESTED_LOCAL / PARTIAL,PLANNING_RECONCILIATION,REUSE_IMPLEMENTATION_AND_REQUALIFY,UF13;M01,保留原 Q 合同及日期证据；只实现缺口，在新源码快照独立验收。,NOT_EXECUTED
AAOS01-1004:Q14,AAOS01-1004,Windows安装态,INSTALLED_RUNTIME_VERIFIED / PARTIAL,PLANNING_RECONCILIATION,REUSE_IMPLEMENTATION_AND_REQUALIFY,M01,保留原 Q 合同及日期证据；只实现缺口，在新源码快照独立验收。,NOT_EXECUTED
AAOS01-1004:Q15,AAOS01-1004,收口交接,PARTIAL,PLANNING_RECONCILIATION,REUSE_IMPLEMENTATION_AND_REQUALIFY,UF13;M01;G01,保留原 Q 合同及日期证据；只实现缺口，在新源码快照独立验收。,NOT_EXECUTED
FUTURE-1004:F00,FUTURE-1004,基线接管,UNVERIFIED,PLANNING_RECONCILIATION,MERGE_VALID_CLAUSES,UF00,原 F 身份不改；按有效基础/高级延期拆开，不能因延期删能力。,NOT_EXECUTED
FUTURE-1004:F01,FUTURE-1004,编辑深化,UNVERIFIED,PLANNING_RECONCILIATION,MERGE_VALID_CLAUSES,UF03;CB03,原 F 身份不改；按有效基础/高级延期拆开，不能因延期删能力。,NOT_EXECUTED
FUTURE-1004:F02,FUTURE-1004,集合关系公式视图,UNVERIFIED,PLANNING_RECONCILIATION,MERGE_VALID_CLAUSES,CB03;UF08,原 F 身份不改；按有效基础/高级延期拆开，不能因延期删能力。,NOT_EXECUTED
FUTURE-1004:F03,FUTURE-1004,全平台互通,UNVERIFIED,PLANNING_RECONCILIATION,MERGE_BASE_AND_FREEZE_ADVANCED,UF11;FT03,原 F 身份不改；按有效基础/高级延期拆开，不能因延期删能力。,NOT_EXECUTED
FUTURE-1004:F04,FUTURE-1004,学习诊断辅导,UNVERIFIED,PLANNING_RECONCILIATION,MERGE_VALID_CLAUSES,UF05;UF07,原 F 身份不改；按有效基础/高级延期拆开，不能因延期删能力。,NOT_EXECUTED
FUTURE-1004:F05,FUTURE-1004,课程视觉教学,UNVERIFIED,PLANNING_RECONCILIATION,MERGE_BASE_AND_FREEZE_ADVANCED,UF05;UF07;UF12;FT01,原 F 身份不改；按有效基础/高级延期拆开，不能因延期删能力。,NOT_EXECUTED
FUTURE-1004:F06,FUTURE-1004,科研研发,UNVERIFIED,PLANNING_RECONCILIATION,MERGE_BASE_AND_FREEZE_ADVANCED,UF08;FT04,原 F 身份不改；按有效基础/高级延期拆开，不能因延期删能力。,NOT_EXECUTED
FUTURE-1004:F07,FUTURE-1004,AI资产评测,UNVERIFIED,PLANNING_RECONCILIATION,MERGE_VALID_CLAUSES,UF09,原 F 身份不改；按有效基础/高级延期拆开，不能因延期删能力。,NOT_EXECUTED
FUTURE-1004:F08,FUTURE-1004,动态仿真,UNVERIFIED,PLANNING_RECONCILIATION,FREEZE_FUTURE_EXECUTION,FT01,原 F 身份不改；按有效基础/高级延期拆开，不能因延期删能力。,NOT_EXECUTED
FUTURE-1004:F09,FUTURE-1004,空间3D,UNVERIFIED,PLANNING_RECONCILIATION,FREEZE_FUTURE_EXECUTION,FT02,原 F 身份不改；按有效基础/高级延期拆开，不能因延期删能力。,NOT_EXECUTED
FUTURE-1004:F10,FUTURE-1004,同步协同,UNVERIFIED,PLANNING_RECONCILIATION,FREEZE_FUTURE_EXECUTION,FT03,原 F 身份不改；按有效基础/高级延期拆开，不能因延期删能力。,NOT_EXECUTED
FUTURE-1004:F11,FUTURE-1004,插件技能Agent,UNVERIFIED,PLANNING_RECONCILIATION,MERGE_BASE_AND_FREEZE_ADVANCED,UF09;UF10;FT04,原 F 身份不改；按有效基础/高级延期拆开，不能因延期删能力。,NOT_EXECUTED
FUTURE-1004:F12,FUTURE-1004,移动Web加密,UNVERIFIED,PLANNING_RECONCILIATION,FREEZE_FUTURE_EXECUTION,FT03,原 F 身份不改；按有效基础/高级延期拆开，不能因延期删能力。,NOT_EXECUTED
FUTURE-1004:F13,FUTURE-1004,XR/AR,UNVERIFIED,PLANNING_RECONCILIATION,FREEZE_FUTURE_EXECUTION,FT02,原 F 身份不改；按有效基础/高级延期拆开，不能因延期删能力。,NOT_EXECUTED
FUTURE-1004:F14,FUTURE-1004,维护迁出,UNVERIFIED,PLANNING_RECONCILIATION,MERGE_BASE_AND_FREEZE_ADVANCED,O01;UF11;UF13;M01;S01,原 F 身份不改；按有效基础/高级延期拆开，不能因延期删能力。,NOT_EXECUTED
OPEN-UI:UI-01,20261009_RECONCILIATION,原开放 UI-01,PARTIAL,PLANNING_RECONCILIATION,MERGE_VALID_CLAUSES,UF01;UF03;UF06,新 22 页及补交素材可作本次视觉输入；旧 12 母图未寻获记录不伪改。三层导航/状态分类已有实现须复用。,NOT_EXECUTED
OPEN-UI:UI-02,20261009_RECONCILIATION,原开放 UI-02,PARTIAL,PLANNING_RECONCILIATION,MERGE_VALID_CLAUSES,UF01;UF02,新 22 页及补交素材可作本次视觉输入；旧 12 母图未寻获记录不伪改。三层导航/状态分类已有实现须复用。,NOT_EXECUTED
OPEN-UI:UI-03,20261009_RECONCILIATION,原开放 UI-03,PARTIAL,PLANNING_RECONCILIATION,MERGE_VALID_CLAUSES,UF02;UF03;UF13,新 22 页及补交素材可作本次视觉输入；旧 12 母图未寻获记录不伪改。三层导航/状态分类已有实现须复用。,NOT_EXECUTED
OPEN-UI:UI-04,20261009_RECONCILIATION,原开放 UI-04,PARTIAL,PLANNING_RECONCILIATION,MERGE_VALID_CLAUSES,UF01;M01,新 22 页及补交素材可作本次视觉输入；旧 12 母图未寻获记录不伪改。三层导航/状态分类已有实现须复用。,NOT_EXECUTED
OPEN-UI:UI-05,20261009_RECONCILIATION,原开放 UI-05,PARTIAL,PLANNING_RECONCILIATION,MERGE_VALID_CLAUSES,UF01;O01,新 22 页及补交素材可作本次视觉输入；旧 12 母图未寻获记录不伪改。三层导航/状态分类已有实现须复用。,NOT_EXECUTED
OPEN-UI:UI-06,20261009_RECONCILIATION,原开放 UI-06,PARTIAL,PLANNING_RECONCILIATION,MERGE_VALID_CLAUSES,UF13;M01,新 22 页及补交素材可作本次视觉输入；旧 12 母图未寻获记录不伪改。三层导航/状态分类已有实现须复用。,NOT_EXECUTED
QODER-HANDOFF:T0,QODER-HANDOFF,Qoder 旧交接 T0,HISTORICAL_RECORDED,PLANNING_RECONCILIATION,HISTORICAL_FIXED_KEEP_REGRESSION,G01,Qoder 原审查只读 T1–T5；后续 Codex 已有修复/回归记录，保留实现、新 UI 再验，不能把 Qoder 算成实现者。,NOT_EXECUTED
QODER-HANDOFF:T1,QODER-HANDOFF,Qoder 旧交接 T1,HISTORICAL_RECORDED,PLANNING_RECONCILIATION,HISTORICAL_FIXED_KEEP_REGRESSION,UF01;UF13,Qoder 原审查只读 T1–T5；后续 Codex 已有修复/回归记录，保留实现、新 UI 再验，不能把 Qoder 算成实现者。,NOT_EXECUTED
QODER-HANDOFF:T2,QODER-HANDOFF,Qoder 旧交接 T2,HISTORICAL_RECORDED,PLANNING_RECONCILIATION,HISTORICAL_FIXED_KEEP_REGRESSION,UF01;UF13,Qoder 原审查只读 T1–T5；后续 Codex 已有修复/回归记录，保留实现、新 UI 再验，不能把 Qoder 算成实现者。,NOT_EXECUTED
QODER-HANDOFF:T3,QODER-HANDOFF,Qoder 旧交接 T3,HISTORICAL_RECORDED,PLANNING_RECONCILIATION,HISTORICAL_FIXED_KEEP_REGRESSION,UF01;UF13,Qoder 原审查只读 T1–T5；后续 Codex 已有修复/回归记录，保留实现、新 UI 再验，不能把 Qoder 算成实现者。,NOT_EXECUTED
QODER-HANDOFF:T4,QODER-HANDOFF,Qoder 旧交接 T4,HISTORICAL_RECORDED,PLANNING_RECONCILIATION,HISTORICAL_FIXED_KEEP_REGRESSION,UF13,Qoder 原审查只读 T1–T5；后续 Codex 已有修复/回归记录，保留实现、新 UI 再验，不能把 Qoder 算成实现者。,NOT_EXECUTED
QODER-HANDOFF:T5,QODER-HANDOFF,Qoder 旧交接 T5,HISTORICAL_RECORDED,PLANNING_RECONCILIATION,HISTORICAL_FIXED_KEEP_REGRESSION,UF01,Qoder 原审查只读 T1–T5；后续 Codex 已有修复/回归记录，保留实现、新 UI 再验，不能把 Qoder 算成实现者。,NOT_EXECUTED
QODER-HANDOFF:T6,QODER-HANDOFF,Qoder 旧交接 T6,PARTIAL,PLANNING_RECONCILIATION,MERGE_REMAINING_SCOPE,S01,按新快照拆分剩余事项，历史数值/ACL/模型/旧产物资格不推定当前。,NOT_EXECUTED
QODER-HANDOFF:T7,QODER-HANDOFF,Qoder 旧交接 T7,PARTIAL,PLANNING_RECONCILIATION,MERGE_REMAINING_SCOPE,S01,按新快照拆分剩余事项，历史数值/ACL/模型/旧产物资格不推定当前。,NOT_EXECUTED
QODER-HANDOFF:T8,QODER-HANDOFF,Qoder 旧交接 T8,PARTIAL,PLANNING_RECONCILIATION,MERGE_REMAINING_SCOPE,UF02;UF13;M01;V01,按新快照拆分剩余事项，历史数值/ACL/模型/旧产物资格不推定当前。,NOT_EXECUTED
QODER-HANDOFF:T9,QODER-HANDOFF,Qoder 旧交接 T9,PARTIAL,PLANNING_RECONCILIATION,MERGE_REMAINING_SCOPE,S01,按新快照拆分剩余事项，历史数值/ACL/模型/旧产物资格不推定当前。,NOT_EXECUTED
QODER-HANDOFF:T10,QODER-HANDOFF,Qoder 旧交接 T10,PARTIAL,PLANNING_RECONCILIATION,MERGE_REMAINING_SCOPE,UF13;G01,按新快照拆分剩余事项，历史数值/ACL/模型/旧产物资格不推定当前。,NOT_EXECUTED
SUPPLEMENT:PENDING-SIZE,20261009_RECONCILIATION,整体仓库体积与清理,NOT_EXECUTED,PLANNING_RECONCILIATION,INDEPENDENT_QUEUE,S01,121 项 Record 保全去重已完成；当前整仓体积未在规划轮重计，不能宣告全清理关闭。,NOT_EXECUTED
SUPPLEMENT:PENDING-CI,20261009_RECONCILIATION,CI 额度与节流,PAUSED_NOT_CLOSED,PLANNING_RECONCILIATION,INDEPENDENT_QUEUE,V01,dirty 已有节流实现待审；云额度通知为用户报告、当前云状态未查询；停止过的旧任务未恢复。,NOT_EXECUTED
SUPPLEMENT:PENDING-LOCAL,20261009_RECONCILIATION,本地快检/完整验证,PAUSED_NOT_CLOSED,PLANNING_RECONCILIATION,INDEPENDENT_QUEUE,V01,当前存在统一入口草案；本轮只规划，不实跑产品 gate。,NOT_EXECUTED
SUPPLEMENT:PENDING-BASELINE,20261009_RECONCILIATION,独立细项对照,PARTIAL,PLANNING_RECONCILIATION,MERGE_OR_PRESERVE_TRACE,H01;UF06,97 资产表、原 DOCX、六来源已回收；186 设计细项还需与独立批准细项对照。,NOT_EXECUTED
SUPPLEMENT:PENDING-HISTORY,20261009_RECONCILIATION,历史来源覆盖,UNVERIFIED,PLANNING_RECONCILIATION,MERGE_OR_PRESERVE_TRACE,H01,可见对话可提炼，未读私人会话与更早未知全文不冒充已归档。,NOT_EXECUTED
STORAGE:HISTORY-TRACKING,20261009_RECONCILIATION,docs/history 长期保留/跟踪裁决,OPEN,PLANNING_RECONCILIATION,INDEPENDENT_QUEUE,S01;G01,本地精确 exclude 解决误 add 风险，不是长期跟踪/压缩去重裁决。,NOT_EXECUTED
STORAGE:SPILL-REMAINING,20261009_RECONCILIATION,未知外溢与他项目对象,PARTIAL,PLANNING_RECONCILIATION,INDEPENDENT_QUEUE,S01,65 个已归属文件迁移有历史回执；D:\tmp 未决项不删除，原来源并不因叫 AAOS 就属于项目。,NOT_EXECUTED
OSS-TEMPLATE:INTEGRATION,20261009_RECONCILIATION,开源池/模板有效实现与冲突,PARTIAL,PLANNING_RECONCILIATION,MERGE_OR_PRESERVE_TRACE,O01;UF10,691 来源行≠691任务；28 学科登记≠28已真人验收模板；分页已存在须复用。,NOT_EXECUTED
QUALIFICATION:AQ26,20261009_RECONCILIATION,普通非开发用户验收,NOT_RUN,PLANNING_RECONCILIATION,MERGE_OR_PRESERVE_TRACE,M01,真实人工项未完成，合成用户不能替代。,NOT_EXECUTED
QUALIFICATION:AQ27,20261009_RECONCILIATION,自动 Core writer/recovery 资格,HISTORICAL_PARTIAL,PLANNING_RECONCILIATION,MERGE_OR_PRESERVE_TRACE,UF13;M01,历史 Core 自动部分有 isolated 真实回执，不把整个 AQ27 都归为缺人工；新快照仍需复测。,NOT_EXECUTED
ARCHIVE:RECORD121,20261009_RECONCILIATION,本项目及共享原始资料归档,ARCHIVE_VERIFIED_PREVIOUS_TURN,PLANNING_RECONCILIATION,MERGE_OR_PRESERVE_TRACE,S01;H01,121 入库、59非项目排除有登记；13历史ZIP可完整字节恢复，18本轮重复副本已删除；并非总体仓库清理完成。,NOT_EXECUTED
PACKAGE:UI-TRUNCATED,20261009_RECONCILIATION,旧截断 UI 压缩包,SUPERSEDED_INPUT,PLANNING_RECONCILIATION,MERGE_OR_PRESERVE_TRACE,G01;H01,旧压缩包作为历史无效来源保留；四份补交齐全已解决本次可用输入，不重复索要。,NOT_EXECUTED
