原任务ID,原规范文件,原依赖原文,原交付原文,原验收原文,后续切片,边界
Q00,D:\All projects\ArcheAxis-Knowledge-OS\.project-local\worktrees\gov-ui-20261008\docs\authority\taskpack-1004-aaos01\01_完整执行任务书.md,无,真实 SHA、dirty、writer、数据根、schema 和资产身份,没有覆盖未知现场；现有可用项已标证据,UF00;S01,保留原依赖语义；先复用已有下层实现；新切片验收不能抹去原整项未完成条件
Q01,D:\All projects\ArcheAxis-Knowledge-OS\.project-local\worktrees\gov-ui-20261008\docs\authority\taskpack-1004-aaos01\01_完整执行任务书.md,Q00,现有 Authority 的最小 delta、目录与构建路径,用户重构决定可追溯；R6/M0 历史未改写,UF00;UF02,保留原依赖语义；先复用已有下层实现；新切片验收不能抹去原整项未完成条件
Q02,D:\All projects\ArcheAxis-Knowledge-OS\.project-local\worktrees\gov-ui-20261008\docs\authority\taskpack-1004-aaos01\01_完整执行任务书.md,Q01,真实 Core 生命周期与资料列表,独立运行、握手、退出、重启通过,UF02;UF13,保留原依赖语义；先复用已有下层实现；新切片验收不能抹去原整项未完成条件
Q03,D:\All projects\ArcheAxis-Knowledge-OS\.project-local\worktrees\gov-ui-20261008\docs\authority\taskpack-1004-aaos01\01_完整执行任务书.md,Q02,生成 DTO、有限命令、对象权限,UI 无 token/SQL/任意 Shell；版本错误明确,UF02;CB01;CB02,保留原依赖语义；先复用已有下层实现；新切片验收不能抹去原整项未完成条件
Q04,D:\All projects\ArcheAxis-Knowledge-OS\.project-local\worktrees\gov-ui-20261008\docs\authority\taskpack-1004-aaos01\01_完整执行任务书.md,Q03,可版本化 Document/Block、CAS 原件、草稿保存,提交与恢复一致，无第二真值,UF03;CB03,保留原依赖语义；先复用已有下层实现；新切片验收不能抹去原整项未完成条件
Q05,D:\All projects\ArcheAxis-Knowledge-OS\.project-local\worktrees\gov-ui-20261008\docs\authority\taskpack-1004-aaos01\01_完整执行任务书.md,Q04,PDF.js/Tiptap 接入与真实桌面截图,中文 IME、引用回跳、焦点、缩放可用,UF03,保留原依赖语义；先复用已有下层实现；新切片验收不能抹去原整项未完成条件
Q06,D:\All projects\ArcheAxis-Knowledge-OS\.project-local\worktrees\gov-ui-20261008\docs\authority\taskpack-1004-aaos01\01_完整执行任务书.md,Q03、Q04,现有 worker 接入、格式矩阵,每种声明格式有真实样本与回执,UF11;CB04,保留原依赖语义；先复用已有下层实现；新切片验收不能抹去原整项未完成条件
Q07,D:\All projects\ArcheAxis-Knowledge-OS\.project-local\worktrees\gov-ui-20261008\docs\authority\taskpack-1004-aaos01\01_完整执行任务书.md,Q05、Q06,真人审查、版本冲突、撤回,AI 不能自证真人；历史可追踪,UF09;M01,保留原依赖语义；先复用已有下层实现；新切片验收不能抹去原整项未完成条件
Q08,D:\All projects\ArcheAxis-Knowledge-OS\.project-local\worktrees\gov-ui-20261008\docs\authority\taskpack-1004-aaos01\01_完整执行任务书.md,Q07,学习事件、复习、AI 使用/纠正候选,幂等计数、重启读回、诚实效果状态,UF05;UF07;UF09;M01,保留原依赖语义；先复用已有下层实现；新切片验收不能抹去原整项未完成条件
Q09,D:\All projects\ArcheAxis-Knowledge-OS\.project-local\worktrees\gov-ui-20261008\docs\authority\taskpack-1004-aaos01\01_完整执行任务书.md,Q04,真实检索、有效能力地图、状态区分,已实现可调用，未来可浏览,UF03;UF06;UF08,保留原依赖语义；先复用已有下层实现；新切片验收不能抹去原整项未完成条件
Q10,D:\All projects\ArcheAxis-Knowledge-OS\.project-local\worktrees\gov-ui-20261008\docs\authority\taskpack-1004-aaos01\01_完整执行任务书.md,Q04、Q06,Markdown/Obsidian 的限定范围交换,独立外部软件回读；损失可见,UF07;UF11,保留原依赖语义；先复用已有下层实现；新切片验收不能抹去原整项未完成条件
Q11,D:\All projects\ArcheAxis-Knowledge-OS\.project-local\worktrees\gov-ui-20261008\docs\authority\taskpack-1004-aaos01\01_完整执行任务书.md,Q04、Q08,一致快照、CAS 清单、恢复演练,安装身份与数据完整性可核对,CB01;UF04;M01,保留原依赖语义；先复用已有下层实现；新切片验收不能抹去原整项未完成条件
Q12,D:\All projects\ArcheAxis-Knowledge-OS\.project-local\worktrees\gov-ui-20261008\docs\authority\taskpack-1004-aaos01\01_完整执行任务书.md,Q06、Q11,按收益扩展结构文本、EPUB、EML 等,不拖慢主闭环，不伪造新增数量,CB04;UF11,保留原依赖语义；先复用已有下层实现；新切片验收不能抹去原整项未完成条件
Q13,D:\All projects\ArcheAxis-Knowledge-OS\.project-local\worktrees\gov-ui-20261008\docs\authority\taskpack-1004-aaos01\01_完整执行任务书.md,Q05–Q11,全进程树、取消、崩溃、断网与恢复证据,已定义预算无关键失败,UF13;M01,保留原依赖语义；先复用已有下层实现；新切片验收不能抹去原整项未完成条件
Q14,D:\All projects\ArcheAxis-Knowledge-OS\.project-local\worktrees\gov-ui-20261008\docs\authority\taskpack-1004-aaos01\01_完整执行任务书.md,Q11、Q13,独立候选安装包和旅程回执,不依赖开发服务器或 WSL；实际桌面通过,M01,保留原依赖语义；先复用已有下层实现；新切片验收不能抹去原整项未完成条件
Q15,D:\All projects\ArcheAxis-Knowledge-OS\.project-local\worktrees\gov-ui-20261008\docs\authority\taskpack-1004-aaos01\01_完整执行任务书.md,Q14,当前台账更新、未完成矩阵、接口与恢复点,核心旅程通过；未来任务有真实基线,UF13;M01;G01,保留原依赖语义；先复用已有下层实现；新切片验收不能抹去原整项未完成条件
F00,D:\All projects\ArcheAxis-Knowledge-OS\.project-local\task-runtime\aaos-task-planning-20261009\sources\AAOS_补齐材料与分析增量_20261009\sources\AAOS_未来延展与可持续架构_完整方案_20261004.md,第一包真实交接,current 差异、接口、格式与恢复身份,每个扩展切片交付领域合同、数据版本、实际组件/引擎、真实入口、恢复/导出、代表性用户旅程及未完成范围,UF00,保留原依赖语义；先复用已有下层实现；新切片验收不能抹去原整项未完成条件
F01,D:\All projects\ArcheAxis-Knowledge-OS\.project-local\task-runtime\aaos-task-planning-20261009\sources\AAOS_补齐材料与分析增量_20261009\sources\AAOS_未来延展与可持续架构_完整方案_20261004.md,Q04/Q05/Q11,节点 codec、版本、引用、恢复与迁入迁出,每个扩展切片交付领域合同、数据版本、实际组件/引擎、真实入口、恢复/导出、代表性用户旅程及未完成范围,UF03;CB03,保留原依赖语义；先复用已有下层实现；新切片验收不能抹去原整项未完成条件
F02,D:\All projects\ArcheAxis-Knowledge-OS\.project-local\task-runtime\aaos-task-planning-20261009\sources\AAOS_补齐材料与分析增量_20261009\sources\AAOS_未来延展与可持续架构_完整方案_20261004.md,F01,可操作视图、受限公式、源平台语义用例,每个扩展切片交付领域合同、数据版本、实际组件/引擎、真实入口、恢复/导出、代表性用户旅程及未完成范围,CB03;UF08,保留原依赖语义；先复用已有下层实现；新切片验收不能抹去原整项未完成条件
F03,D:\All projects\ArcheAxis-Knowledge-OS\.project-local\task-runtime\aaos-task-planning-20261009\sources\AAOS_补齐材料与分析增量_20261009\sources\AAOS_未来延展与可持续架构_完整方案_20261004.md,F01；高级功能依 F02,平台/版本/profile/方向的原软件验证,每个扩展切片交付领域合同、数据版本、实际组件/引擎、真实入口、恢复/导出、代表性用户旅程及未完成范围,UF11;FT03,保留原依赖语义；先复用已有下层实现；新切片验收不能抹去原整项未完成条件
F04,D:\All projects\ArcheAxis-Knowledge-OS\.project-local\task-runtime\aaos-task-planning-20261009\sources\AAOS_补齐材料与分析增量_20261009\sources\AAOS_未来延展与可持续架构_完整方案_20261004.md,Q08、F01,知识点、误区、评分与真实掌握证据,每个扩展切片交付领域合同、数据版本、实际组件/引擎、真实入口、恢复/导出、代表性用户旅程及未完成范围,UF05;UF07,保留原依赖语义；先复用已有下层实现；新切片验收不能抹去原整项未完成条件
F05,D:\All projects\ArcheAxis-Knowledge-OS\.project-local\task-runtime\aaos-task-planning-20261009\sources\AAOS_补齐材料与分析增量_20261009\sources\AAOS_未来延展与可持续架构_完整方案_20261004.md,F01/F04,可离线恢复课程包与学习事件,每个扩展切片交付领域合同、数据版本、实际组件/引擎、真实入口、恢复/导出、代表性用户旅程及未完成范围,UF05;UF07;UF12;FT01,保留原依赖语义；先复用已有下层实现；新切片验收不能抹去原整项未完成条件
F06,D:\All projects\ArcheAxis-Knowledge-OS\.project-local\task-runtime\aaos-task-planning-20261009\sources\AAOS_补齐材料与分析增量_20261009\sources\AAOS_未来延展与可持续架构_完整方案_20261004.md,F01、研究适配,研究证据包、反证、可复现实验,每个扩展切片交付领域合同、数据版本、实际组件/引擎、真实入口、恢复/导出、代表性用户旅程及未完成范围,UF08;FT04,保留原依赖语义；先复用已有下层实现；新切片验收不能抹去原整项未完成条件
F07,D:\All projects\ArcheAxis-Knowledge-OS\.project-local\task-runtime\aaos-task-planning-20261009\sources\AAOS_补齐材料与分析增量_20261009\sources\AAOS_未来延展与可持续架构_完整方案_20261004.md,Q08、F01,候选→评测→认可→使用→撤回,每个扩展切片交付领域合同、数据版本、实际组件/引擎、真实入口、恢复/导出、代表性用户旅程及未完成范围,UF09,保留原依赖语义；先复用已有下层实现；新切片验收不能抹去原整项未完成条件
F08,D:\All projects\ArcheAxis-Knowledge-OS\.project-local\task-runtime\aaos-task-planning-20261009\sources\AAOS_补齐材料与分析增量_20261009\sources\AAOS_未来延展与可持续架构_完整方案_20261004.md,F05,参数/单位/方法/结果/事件合同,每个扩展切片交付领域合同、数据版本、实际组件/引擎、真实入口、恢复/导出、代表性用户旅程及未完成范围,FT01,保留原依赖语义；先复用已有下层实现；新切片验收不能抹去原整项未完成条件
F09,D:\All projects\ArcheAxis-Knowledge-OS\.project-local\task-runtime\aaos-task-planning-20261009\sources\AAOS_补齐材料与分析增量_20261009\sources\AAOS_未来延展与可持续架构_完整方案_20261004.md,F05；仿真按需依 F08,同一知识对象、布局版本与学习评测,每个扩展切片交付领域合同、数据版本、实际组件/引擎、真实入口、恢复/导出、代表性用户旅程及未完成范围,FT02,保留原依赖语义；先复用已有下层实现；新切片验收不能抹去原整项未完成条件
F10,D:\All projects\ArcheAxis-Knowledge-OS\.project-local\task-runtime\aaos-task-planning-20261009\sources\AAOS_补齐材料与分析增量_20261009\sources\AAOS_未来延展与可持续架构_完整方案_20261004.md,Q11、F01/F03,离线合并、冲突、撤销、资产一致,每个扩展切片交付领域合同、数据版本、实际组件/引擎、真实入口、恢复/导出、代表性用户旅程及未完成范围,FT03,保留原依赖语义；先复用已有下层实现；新切片验收不能抹去原整项未完成条件
F11,D:\All projects\ArcheAxis-Knowledge-OS\.project-local\task-runtime\aaos-task-planning-20261009\sources\AAOS_补齐材料与分析增量_20261009\sources\AAOS_未来延展与可持续架构_完整方案_20261004.md,稳定 Job/权限和上述可调用能力,最小权限、生命周期、取消与回执,每个扩展切片交付领域合同、数据版本、实际组件/引擎、真实入口、恢复/导出、代表性用户旅程及未完成范围,UF09;UF10;FT04,保留原依赖语义；先复用已有下层实现；新切片验收不能抹去原整项未完成条件
F12,D:\All projects\ArcheAxis-Knowledge-OS\.project-local\task-runtime\aaos-task-planning-20261009\sources\AAOS_补齐材料与分析增量_20261009\sources\AAOS_未来延展与可持续架构_完整方案_20261004.md,F10；只读 Web可先于协同,设备鉴权、缓存、密钥恢复与降级,每个扩展切片交付领域合同、数据版本、实际组件/引擎、真实入口、恢复/导出、代表性用户旅程及未完成范围,FT03,保留原依赖语义；先复用已有下层实现；新切片验收不能抹去原整项未完成条件
F13,D:\All projects\ArcheAxis-Knowledge-OS\.project-local\task-runtime\aaos-task-planning-20261009\sources\AAOS_补齐材料与分析增量_20261009\sources\AAOS_未来延展与可持续架构_完整方案_20261004.md,F09、设备接口,独立设备与发行实测,每个扩展切片交付领域合同、数据版本、实际组件/引擎、真实入口、恢复/导出、代表性用户旅程及未完成范围,FT02,保留原依赖语义；先复用已有下层实现；新切片验收不能抹去原整项未完成条件
F14,D:\All projects\ArcheAxis-Knowledge-OS\.project-local\task-runtime\aaos-task-planning-20261009\sources\AAOS_补齐材料与分析增量_20261009\sources\AAOS_未来延展与可持续架构_完整方案_20261004.md,F00 后持续,版本矩阵、SBOM/NOTICE、升级与退出演练,每个扩展切片交付领域合同、数据版本、实际组件/引擎、真实入口、恢复/导出、代表性用户旅程及未完成范围,O01;UF11;UF13;M01;S01,保留原依赖语义；先复用已有下层实现；新切片验收不能抹去原整项未完成条件
