页面ID,页面名称,分析顺序,依赖,本批目标与边界,原参考路由,CAP保留映射,需求引用,状态,后续切片,现场源码承接,当前执行状态,实施注意
01,今日工作台,S1,公共Shell/适配器与核心数据可读,承接原工作台、搜索、草稿及快捷入口,/reference/01,CAP-0010;CAP-0040;CAP-0050;CAP-0120,R001;R003;R006;R008;R033,分析提议；NOT_EXECUTED；现有路由待本地映射,UF03,workspace→CanonicalCapabilities/BackupPanel，缺新工作台组成,NOT_EXECUTED,页面ID为语义角色；/reference/路由为设计路由，不能直接冒充生产路由
02,知识库,S1,真实Core知识对象与离线保存,知识列表、检索、空态和错误态,/reference/02,CAP-0010;CAP-0020;CAP-0110,R003;R010;R011;R012,分析提议；NOT_EXECUTED；现有路由待本地映射,UF03,library/intake/exchange→CanonicalLibrary,NOT_EXECUTED,页面ID为语义角色；/reference/路由为设计路由，不能直接冒充生产路由
03,阅读与编辑,S1,02；成熟编辑器及现有草稿恢复,中文输入、保存、版本引用、重启回读与焦点行为,/reference/03,CAP-0010;CAP-0030;CAP-0110,R003;R004;R005;R010;R030,分析提议；NOT_EXECUTED；现有路由待本地映射,UF03,vault/evidence/ai-assets→CanonicalKnowledge；现有成熟编辑器,NOT_EXECUTED,页面ID为语义角色；/reference/路由为设计路由，不能直接冒充生产路由
04,双链与知识图谱,S3,02/03及现有双链对象,复用既有双链，图谱不是重建知识主存储,/reference/04,CAP-0110;CAP-0160,R010;R012;R032,分析提议；NOT_EXECUTED；现有路由待本地映射,UF08,现有关系/锚点/graph 投影待逐页核,NOT_EXECUTED,页面ID为语义角色；/reference/路由为设计路由，不能直接冒充生产路由
05,研究空间,S3,02/03、来源/引用模型,研究材料与结论可追溯；复用空间与文档对象,/reference/05,CAP-0030;CAP-0090,R004;R013;R019,分析提议；NOT_EXECUTED；现有路由待本地映射,UF08,现有空间与文档；研究界面待核,NOT_EXECUTED,页面ID为语义角色；/reference/路由为设计路由，不能直接冒充生产路由
06,学习路径,S1b,知识核心可用；现有学习路径对象,诊断、先修、缺口、计划到真实练习入口,/reference/06,CAP-0040;CAP-0060,R006;R007;R014;R033;R046,分析提议；NOT_EXECUTED；现有路由待本地映射,UF05,learning→CanonicalLearning,NOT_EXECUTED,页面ID为语义角色；/reference/路由为设计路由，不能直接冒充生产路由
07,课程与视觉教学,S1b,03/06；现有课程基础,课程旅程、引用版本与真实进度；扩展媒体按能力显示,/reference/07,CAP-0040;CAP-0060;CAP-0160,R014;R030;R033;R034,分析提议；NOT_EXECUTED；现有路由待本地映射,UF05,KnowledgeCoursePanel + Core courses 生成/查看/render 已有,NOT_EXECUTED,页面ID为语义角色；/reference/路由为设计路由，不能直接冒充生产路由
08,教学需求,S2,06/07与可版本化交换对象,教学需求身份、目标、边界和用途,/reference/08,CAP-0040;CAP-0060;CAP-0100,R002;R027;R028;R033,分析提议；NOT_EXECUTED；现有路由待本地映射,UF07,课程/学习对象复用；新教学需求界面待接,NOT_EXECUTED,页面ID为语义角色；/reference/路由为设计路由，不能直接冒充生产路由
09,表达方案审阅,S2,08；表达方案版本与审阅状态,审阅结果回流；可先人工交换,/reference/09,CAP-0060;CAP-0160,R002;R027;R029;R033,分析提议；NOT_EXECUTED；现有路由待本地映射,UF07,表达方案审阅合同与界面待核,NOT_EXECUTED,页面ID为语义角色；/reference/路由为设计路由，不能直接冒充生产路由
10,交付登记与版本,S2,09；版本/来源/交付对象,身份、版本、幂等登记；重试不重复交付,/reference/10,CAP-0060;CAP-0100;CAP-0140,R027;R028;R030;R034,分析提议；NOT_EXECUTED；现有路由待本地映射,UF07,交付版本及 CAS 基础复用；幂等/修订待核,NOT_EXECUTED,页面ID为语义角色；/reference/路由为设计路由，不能直接冒充生产路由
11,练习与 Teach-back,S2,07/10；既有练习、评分/反馈模型,真实练习与Teach-back记录；试学证据独立,/reference/11,CAP-0040;CAP-0060,R005;R006;R007;R046,分析提议；NOT_EXECUTED；现有路由待本地映射,UF07,学习/assessment/learning-events 已有，Teach-back 实链待验,NOT_EXECUTED,页面ID为语义角色；/reference/路由为设计路由，不能直接冒充生产路由
12,反馈与修订,S2,11；修订/版本关联,反馈→修订→再交付，模拟数据不得当效果证据,/reference/12,CAP-0040;CAP-0050;CAP-0060,R029;R030;R033;R046,分析提议；NOT_EXECUTED；现有路由待本地映射,UF07,feedback/revision 与既有 correction 语义待核,NOT_EXECUTED,页面ID为语义角色；/reference/路由为设计路由，不能直接冒充生产路由
13,AI 知识与项目记忆,S3,核心版本引用与既有AI记忆能力,AI知识/项目记忆、来源权限、用途边界与回执,/reference/13,CAP-0050;CAP-0130,R008;R009;R026;R028;R041,分析提议；NOT_EXECUTED；现有路由待本地映射,UF09,ai-assets 当前还映到 CanonicalKnowledge，需真正 AI 页面,NOT_EXECUTED,页面ID为语义角色；/reference/路由为设计路由，不能直接冒充生产路由
14,纠正、评测与复测,S3,13；已有纠正/复测接口,复用已有基础，补候选→评测→采纳→复测/撤回旅程,/reference/14,CAP-0050;CAP-0130,R008;R025;R026;R028;R030;R047,分析提议；NOT_EXECUTED；现有路由待本地映射,UF09,machine correction/retest 后端已有，旅程不完整,NOT_EXECUTED,页面ID为语义角色；/reference/路由为设计路由，不能直接冒充生产路由
15,资源与扩展,S3,现有模板分页/插件接口与权限策略,目录与可集成分别报告，不把索引数量当集成数,/reference/15,CAP-0100;CAP-0130;CAP-0150,R018;R019;R020;R023;R032,分析提议；NOT_EXECUTED；现有路由待本地映射,UF10,模板/cursor 分页已有，资源分类与供体资格待核,NOT_EXECUTED,页面ID为语义角色；/reference/路由为设计路由，不能直接冒充生产路由
16,导入、导出与互通,S2最小交换；S3扩展,真实格式/版本/schema及人工交换路径,先最小导出导入；四类互通目标分开验收,/reference/16,CAP-0020;CAP-0100;CAP-0140,R011;R017;R027;R028;R022,分析提议；NOT_EXECUTED；现有路由待本地映射,UF07;UF11,exchange 当前映 CanonicalLibrary，现有 export profiles 可复用,NOT_EXECUTED,页面ID为语义角色；/reference/路由为设计路由，不能直接冒充生产路由
17,全部能力与未来蓝图,S1可发现性,当前CAP权威与状态读取,16父能力可找到；设计与实际能力状态可辨认,/reference/17,CAP-0010;CAP-0020;CAP-0030;CAP-0040;CAP-0050;CAP-0060;CAP-0070;CAP-0080;CAP-0090;CAP-0100;CAP-0110;CAP-0120;CAP-0130;CAP-0140;CAP-0150;CAP-0160,R032;R043,分析提议；NOT_EXECUTED；现有路由待本地映射,UF06,settings/workspace→CanonicalCapabilities；现有 registry,NOT_EXECUTED,页面ID为语义角色；/reference/路由为设计路由，不能直接冒充生产路由
18,能力详情,S1详情；S4扩展引擎,17及独立细项对账,保留完整能力意图，详情页面不等于引擎已实现,/reference/18,CAP-0070;CAP-0080;CAP-0160,R015;R016;R032;R043,分析提议；NOT_EXECUTED；现有路由待本地映射,UF06;FT01;FT02,已有能力注册与详情投影需子项核对,NOT_EXECUTED,页面ID为语义角色；/reference/路由为设计路由，不能直接冒充生产路由
19,系统与可靠性,S1核心可靠性,现有备份/恢复Core契约与运行适配器,普通保存、恢复入口、标识一致与恢复回读,/reference/19,CAP-0120;CAP-0140;CAP-0150,R020;R021;R022;R024;R031;R034,分析提议；NOT_EXECUTED；现有路由待本地映射,UF04,BackupPanel 创建/list 已有；无 UI workspace restore,NOT_EXECUTED,页面ID为语义角色；/reference/路由为设计路由，不能直接冒充生产路由
20,版本、来源与历史,S0贯穿S1–S3,当前权威/来源/版本模型,活动任务与历史证据可辨认；引用与消费者保持有效,/reference/20,CAP-0010;CAP-0110;CAP-0140,R030;R035;R038;R039;R041;R042,分析提议；NOT_EXECUTED；现有路由待本地映射,UF00;UF04;G01,版本/来源/Authority 入口已有，当前/历史要区分,NOT_EXECUTED,页面ID为语义角色；/reference/路由为设计路由，不能直接冒充生产路由
21,画布与视觉表达,S2基础表达；S4高级扩展,07/09及媒体对象,先基础图文；动画、参数模拟、空间/XR独立保留和验收,/reference/21,CAP-0060;CAP-0070;CAP-0080;CAP-0160,R014;R015;R016;R032,分析提议；NOT_EXECUTED；现有路由待本地映射,UF12;FT01;FT02,已有模板对象坐标/引用；参考 canvas 不等于真引擎,NOT_EXECUTED,页面ID为语义角色；/reference/路由为设计路由，不能直接冒充生产路由
22,受限任务与回执,S3；必要回执贯穿前序,现有有限任务/权限/回执对象,只承接必要受限任务，不重建通用总控平台,/reference/22,CAP-0050;CAP-0130;CAP-0150,R002;R008;R023;R024;R028,分析提议；NOT_EXECUTED；现有路由待本地映射,UF09,有限 command/permission/receipt 已有,NOT_EXECUTED,页面ID为语义角色；/reference/路由为设计路由，不能直接冒充生产路由
