包内追踪ID,主题,必须保留或完成的内容,主任务书章节,来源身份,实施状态,本地权威/能力细项承接,实现与验收证据,后续切片,UI参考页面,本轮处理,当前完成判断
R001,产品母定义,本地优先Human–AI双学习，独立使用，人类面主要体验,2,用户要求/已读蓝图,待本地对账,,,UF01;UF03,01,保留意图；合并承接；实现未执行,UNVERIFIED_CURRENT_IMPLEMENTATION
R002,三项目关系,AAOS知识学习、DESIGN-LAB专业设计生产、WORK-LAB执行实践，互补不合库,"2,6,7",用户要求,待本地对账,,,UF07;UF09,08;09;22,保留意图；合并承接；实现未执行,UNVERIFIED_CURRENT_IMPLEMENTATION
R003,内容准入,普通内容先保存，不要求依据/网络/额度/云复核前置,3,已读蓝图/对话纠偏,待本地对账,,,UF03,01;02;03,保留意图；合并承接；实现未执行,UNVERIFIED_CURRENT_IMPLEMENTATION
R004,两条核验,识别忠实度与专业依据分别管理,3,已读蓝图,待本地对账,,,UF03;UF08,03;05,保留意图；合并承接；实现未执行,UNVERIFIED_CURRENT_IMPLEMENTATION
R005,独立状态,身份/来源/忠实度/依据/采用/掌握/AI资格/执行不合并,3,已读蓝图/对话,待本地对账,,,UF03;UF05;UF09,03;11,保留意图；合并承接；实现未执行,UNVERIFIED_CURRENT_IMPLEMENTATION
R006,人类学习细项,诊断、路线、负荷、编码、复习、提取、训练、实战、Teach-back、元认知、反馈、画像、巩固,4,来源完整展开,待本地对账,,,UF05;UF07;M01,01;06;11,保留意图；合并承接；实现未执行,UNVERIFIED_CURRENT_IMPLEMENTATION
R007,Learning Compiler,Profile/Recipe/Event与反馈，不恢复证据前置,4,已读蓝图,待本地对账,,,UF05;UF07,06;07;11;12,保留意图；合并承接；实现未执行,UNVERIFIED_CURRENT_IMPLEMENTATION
R008,AI学习,记忆、知识包、跨会话客户端、规则技能、评测纠正复测撤回,"4,11",来源完整展开,待本地对账,,,UF09,01;13;14;22,保留意图；合并承接；实现未执行,UNVERIFIED_CURRENT_IMPLEMENTATION
R009,参数训练,保留可选实验，基础产品不依赖训练,4,已读蓝图,待本地对账,,,FT03,13;18;19,保留意图；合并承接；实现未执行,UNVERIFIED_CURRENT_IMPLEMENTATION
R010,知识对象,原件、Document/Block、草稿、版本、集合属性关系视图公式、未知载荷,"4,5",已读蓝图,待本地对账,,,UF03;CB03;UF08,02;03;04,保留意图；合并承接；实现未执行,UNVERIFIED_CURRENT_IMPLEMENTATION
R011,多格式,各格式内容/结构/定位/损失/冷启动/安装分别验收,4,已读蓝图,待本地对账,,,CB04;UF11,02;16,保留意图；合并承接；实现未执行,UNVERIFIED_CURRENT_IMPLEMENTATION
R012,检索图谱,全文、语义、双链、反链、别名、关系治理、GraphRAG研究、投影单源,4,已读蓝图,待本地对账,,,UF03;UF08;FT04,02;04,保留意图；合并承接；实现未执行,UNVERIFIED_CURRENT_IMPLEMENTATION
R013,科研,问题文献方法反证实验、学术接口与科研Agent候选,4,已读蓝图,待本地对账,,,UF08;FT04,05,保留意图；合并承接；实现未执行,UNVERIFIED_CURRENT_IMPLEMENTATION
R014,课程,离线课程包、目标引用场景练习评分进度、版本与事件,"4,6,8",已读蓝图/本对话,待本地对账,,,UF05;UF07;UF12,06;07;21,保留意图；合并承接；实现未执行,UNVERIFIED_CURRENT_IMPLEMENTATION
R015,动画仿真,动态产物与参数模型独立，算法单位条件与结果记录,"4,8",已读蓝图,待本地对账,,,UF12;FT01,18;21,保留意图；合并承接；实现未执行,UNVERIFIED_CURRENT_IMPLEMENTATION
R016,空间学习,2D/2.5D/3D/VR/AR/XR、知识宫殿，保存资源布局与学习事件,"4,8",已读蓝图,待本地对账,,,UF12;FT02,18;21,保留意图；合并承接；实现未执行,UNVERIFIED_CURRENT_IMPLEMENTATION
R017,平台互通,功能等价/数据兼容/双向往返/增量独立验收，全平台范围保留,4,已读蓝图,待本地对账,,,UF11;FT03,16,保留意图；合并承接；实现未执行,UNVERIFIED_CURRENT_IMPLEMENTATION
R018,模板插件,通用与学科模板保留，共享capability，不复制实现；数量不凭助手固化,4,相关背景/边界说明,待本地对账,,,UF10;O01,15;18,保留意图；合并承接；实现未执行,UNVERIFIED_CURRENT_IMPLEMENTATION
R019,开源供体,既有池、SDK/API/CLI/代码吸收/内容参考分开，数量不是集成数,"4,5",来源完整展开,待本地对账,,,O01;UF10;UF08,05;15,保留意图；合并承接；实现未执行,UNVERIFIED_CURRENT_IMPLEMENTATION
R020,成本模型,免费开源优先，许可额度维护核实，8GB按需排队，不全装或静默付费,5,对话/蓝图,待本地对账,,,UF09;UF10;FT03,15;19,保留意图；合并承接；实现未执行,UNVERIFIED_CURRENT_IMPLEMENTATION
R021,同步移动,单人离线优先、对象同步、权限冲突、移动捕获与缓存,4,已读蓝图,待本地对账,,,FT03,19,保留意图；合并承接；实现未执行,UNVERIFIED_CURRENT_IMPLEMENTATION
R022,安全恢复,凭据/加密/出境/一致快照/独立副本恢复/导出退出,"4,5",已读蓝图,待本地对账,,,UF04;UF11;CB01;FT03,16;19,保留意图；合并承接；实现未执行,UNVERIFIED_CURRENT_IMPLEMENTATION
R023,扩展身份,插件/技能/worker/Provider/Tool分层，有限知识Agent，不建通用OS,4,已读蓝图,待本地对账,,,UF09;UF10;FT04,15;22,保留意图；合并承接；实现未执行,UNVERIFIED_CURRENT_IMPLEMENTATION
R024,正式栈,Tauri React Rust Core SQLite CAS隔离worker，单writer投影可重建,5,已确定方向,待本地对账,,,UF00;UF02,19;22,保留意图；合并承接；实现未执行,UNVERIFIED_CURRENT_IMPLEMENTATION
R025,源码复用,已有课程API绑定、General合同、候选与机器纠正复测，枚举非引擎,5,前轮定向读码,待本地对账,,,UF05;UF09,07;10;14,保留意图；合并承接；实现未执行,UNVERIFIED_CURRENT_IMPLEMENTATION
R026,现有缺口,human guard、版本引用规范化、教学往返交付反馈及采用生命周期,"5,6",前轮定向读码,待本地对账,,,CB02;UF09,08;10;12;13;14,保留意图；合并承接；实现未执行,UNVERIFIED_CURRENT_IMPLEMENTATION
R027,五类交换,A知识引用/B候选/C需求方案/D交付/E反馈，复用现有对象,6,实施建议,待本地对账,,,CB02;UF07,08;09;10;16,保留意图；合并承接；实现未执行,UNVERIFIED_CURRENT_IMPLEMENTATION
R028,交换约束,鉴权、版本、幂等、哈希、有限重试、用途、撤回、隐私,6,实施建议,待本地对账,,,CB02;UF07;UF09,08;10;13;14;16;22,保留意图；合并承接；实现未执行,UNVERIFIED_CURRENT_IMPLEMENTATION
R029,反馈分责,知识/技术/表达/学习设计/运行/个人偏好分责,7,实施建议,待本地对账,,,UF07;UF09,09;12,保留意图；合并承接；实现未执行,UNVERIFIED_CURRENT_IMPLEMENTATION
R030,版本谱系,来源共同谱系，知识/产物分别修订，旧课程记录不静默改,7,实施建议,待本地对账,,,CB02;UF03;UF05;UF07,03;07;10;12;14;20,保留意图；合并承接；实现未执行,UNVERIFIED_CURRENT_IMPLEMENTATION
R031,前端统一,同产品界面不同运行适配，旧独有功能及恢复先承接,8,前轮发现/实施建议,待本地对账,,,UF02,19,保留意图；合并承接；实现未执行,UNVERIFIED_CURRENT_IMPLEMENTATION
R032,完整可发现,普通用户目录/搜索可到细项详情，未来非死链，不新状态库,"4,8",用户要求,待本地对账,,,UF06,04;15;17;18;21,保留意图；合并承接；实现未执行,UNVERIFIED_CURRENT_IMPLEMENTATION
R033,教学旅程,目标需求方案交付练习反馈修订与AI再用，最小图文先通,"8,12,13",本对话核心,待本地对账,,,UF05;UF07,01;06;07;08;09;12,保留意图；合并承接；实现未执行,UNVERIFIED_CURRENT_IMPLEMENTATION
R034,内容权限,可信呈现；外部内容不继承宿主权限，代码文本，隔离实测,8,技术安全要求,待本地对账,,,UF04;CB02;UF07,07;10;19,保留意图；合并承接；实现未执行,UNVERIFIED_CURRENT_IMPLEMENTATION
R035,权威角色,按主题/范围/版本单源，规范/蓝图/任务/证据/历史/生成分开,9,实施建议,待本地对账,,,UF00;G01,20,保留意图；合并承接；实现未执行,UNVERIFIED_CURRENT_IMPLEMENTATION
R036,用户建议边界,用户明确要求与助手建议分开，包不成为第三母定义,"1,9",防漂移要求,待本地对账,,,UF00;G01,17;20,保留意图；合并承接；实现未执行,UNVERIFIED_CURRENT_IMPLEMENTATION
R037,全面盘点,文档、机器定义、代码测试、消费者副本四层AAOS受控范围,9,用户要求及细化,待本地对账,,,S01;G01,20,保留意图；合并承接；实现未执行,UNVERIFIED_CURRENT_IMPLEMENTATION
R038,具体漂移,索引、src-tauri、AGENTS、AUTHORITY、CONTRACT、SpaceView、门禁,9,前轮观察待复核,待本地对账,,,UF00;G01,19;20,保留意图；合并承接；实现未执行,UNVERIFIED_CURRENT_IMPLEMENTATION
R039,历史保全,按条款承接，固定字节SHA、不改FAIL或日期，恢复与清单,10,用户归档要求及规则,待本地对账,,,S01;G01,20,保留意图；合并承接；实现未执行,UNVERIFIED_CURRENT_IMPLEMENTATION
R040,并发归档,现场变化重扫，依赖与恢复路径逻辑归档，不并发移动,"10,12",实施约束,待本地对账,,,UF00;S01,20,保留意图；合并承接；实现未执行,UNVERIFIED_CURRENT_IMPLEMENTATION
R041,上下文消费者,受控缓存摘要索引更新，适用先筛，外部副本待同步,11,本对话/实施建议,待本地对账,,,UF09;G01,13;20,保留意图；合并承接；实现未执行,UNVERIFIED_CURRENT_IMPLEMENTATION
R042,防漂移门禁,扩现有检查，无环/可达/生成一致/归档恢复/适用性,14,实施建议,待本地对账,,,G01,17;20,保留意图；合并承接；实现未执行,UNVERIFIED_CURRENT_IMPLEMENTATION
R043,不自证完整,独立批准基线比较父能力细项别名，不同时删期望与目录,"4,14",验收约束,待本地对账,,,H01;UF06,17;18,保留意图；合并承接；实现未执行,UNVERIFIED_CURRENT_IMPLEMENTATION
R044,分批实施,A定义/B归档/C前端合同/D验证，与S0-S5和旧Q/F分开,12,实施建议,待本地对账,,,UF13;G01,01;17,保留意图；合并承接；实现未执行,UNVERIFIED_CURRENT_IMPLEMENTATION
R045,联合案例,tesseract四层诊断，历史21步与陈旧元素分开，复核不冒称,13,历史案例建议,待本地对账,,,UF07;V01;M01,05;07;11;14,保留意图；合并承接；实现未执行,UNVERIFIED_CURRENT_IMPLEMENTATION
R046,真实试学,真实反馈与一轮修订；模拟只测路由，无真实则待试学,"12,13",本对话验收,待本地对账,,,UF07;M01,06;11;12,保留意图；合并承接；实现未执行,UNVERIFIED_CURRENT_IMPLEMENTATION
R047,完成分项,治理/功能/安装/联合交换/试学/长期效果分别证据,14,本对话验收,待本地对账,,,UF13;M01,10;14;20,保留意图；合并承接；实现未执行,UNVERIFIED_CURRENT_IMPLEMENTATION
R048,跨仓交接,另外两个项目提示词用户交付，不代替跨仓审计或写权限,"1,2",用户要求,待本地对账,,,UF07;G01,08;12;15,保留意图；合并承接；实现未执行,UNVERIFIED_CURRENT_IMPLEMENTATION
R049,原始覆盖缺口,截断消息无法逐字恢复，源章节全映射，本地补核未知细项,1,当前材料范围,待本地对账,,,H01,17;18;20,保留意图；合并承接；实现未执行,UNVERIFIED_CURRENT_IMPLEMENTATION
CAP-0010,原件与来源,父项、子项、别名、依赖、供体全部保留,4,已读蓝图；编号继承,保留目标；实现待核,,,UF03,01;02;03;17;20,保留意图；合并承接；实现未执行,UNVERIFIED_CURRENT_IMPLEMENTATION
CAP-0020,多格式转换,父项、子项、别名、依赖、供体全部保留,4,已读蓝图；编号继承,保留目标；实现待核,,,CB04;UF11,02;16;17,保留意图；合并承接；实现未执行,UNVERIFIED_CURRENT_IMPLEMENTATION
CAP-0030,依据与锚点,父项、子项、别名、依赖、供体全部保留,4,已读蓝图；编号继承,保留目标；实现待核,,,UF03;UF08,03;05;17,保留意图；合并承接；实现未执行,UNVERIFIED_CURRENT_IMPLEMENTATION
CAP-0040,人类深度学习,父项、子项、别名、依赖、供体全部保留,4,已读蓝图；编号继承,保留目标；实现待核,,,UF05;UF07;M01,01;06;07;08;11;12;17,保留意图；合并承接；实现未执行,UNVERIFIED_CURRENT_IMPLEMENTATION
CAP-0050,AI资产与双向回流,父项、子项、别名、依赖、供体全部保留,4,已读蓝图；编号继承,保留目标；实现待核,,,UF09,01;12;13;14;17;22,保留意图；合并承接；实现未执行,UNVERIFIED_CURRENT_IMPLEMENTATION
CAP-0060,LER课程视觉教学,父项、子项、别名、依赖、供体全部保留,4,已读蓝图；编号继承,保留目标；实现待核,,,UF05;UF07;UF12,06;07;08;09;10;11;12;17;21,保留意图；合并承接；实现未执行,UNVERIFIED_CURRENT_IMPLEMENTATION
CAP-0070,动态解释仿真,父项、子项、别名、依赖、供体全部保留,4,已读蓝图；编号继承,保留目标；实现待核,,,FT01,17;18;21,保留意图；合并承接；实现未执行,UNVERIFIED_CURRENT_IMPLEMENTATION
CAP-0080,空间记忆沉浸学习,父项、子项、别名、依赖、供体全部保留,4,已读蓝图；编号继承,保留目标；实现待核,,,FT02,17;18;21,保留意图；合并承接；实现未执行,UNVERIFIED_CURRENT_IMPLEMENTATION
CAP-0090,研究课程项目空间,父项、子项、别名、依赖、供体全部保留,4,已读蓝图；编号继承,保留目标；实现待核,,,UF08;FT04,05;17,保留意图；合并承接；实现未执行,UNVERIFIED_CURRENT_IMPLEMENTATION
CAP-0100,开放互操作,父项、子项、别名、依赖、供体全部保留,4,已读蓝图；编号继承,保留目标；实现待核,,,UF07;UF10;UF11,08;10;15;16;17,保留意图；合并承接；实现未执行,UNVERIFIED_CURRENT_IMPLEMENTATION
CAP-0110,搜索双链图谱,父项、子项、别名、依赖、供体全部保留,4,已读蓝图；编号继承,保留目标；实现待核,,,UF03;UF08,02;03;04;17;20,保留意图；合并承接；实现未执行,UNVERIFIED_CURRENT_IMPLEMENTATION
CAP-0120,桌面平台与协作,父项、子项、别名、依赖、供体全部保留,4,已读蓝图；编号继承,保留目标；实现待核,,,UF01;UF02;M01,01;17;19,保留意图；合并承接；实现未执行,UNVERIFIED_CURRENT_IMPLEMENTATION
CAP-0130,受限执行,父项、子项、别名、依赖、供体全部保留,4,已读蓝图；编号继承,保留目标；实现待核,,,UF09;FT04,13;14;15;17;22,保留意图；合并承接；实现未执行,UNVERIFIED_CURRENT_IMPLEMENTATION
CAP-0140,备份同步发布,父项、子项、别名、依赖、供体全部保留,4,已读蓝图；编号继承,保留目标；实现待核,,,UF04;UF11;FT03,10;16;17;19;20,保留意图；合并承接；实现未执行,UNVERIFIED_CURRENT_IMPLEMENTATION
CAP-0150,模型预算数据出境,父项、子项、别名、依赖、供体全部保留,4,已读蓝图；编号继承,保留目标；实现待核,,,UF09;UF10;V01,15;17;19;22,保留意图；合并承接；实现未执行,UNVERIFIED_CURRENT_IMPLEMENTATION
CAP-0160,可视化空间表征,父项、子项、别名、依赖、供体全部保留,4,已读蓝图；编号继承,保留目标；实现待核,,,UF08;UF12;FT01;FT02,04;07;09;17;18;21,保留意图；合并承接；实现未执行,UNVERIFIED_CURRENT_IMPLEMENTATION
Q00,现场保护,原任务身份及有效范围保留；依赖须读原规范,12,已读蓝图；非新增任务,不得由本包自动宣告PASS,,,UF00;S01,17;18,保留意图；合并承接；实现未执行,UNVERIFIED_CURRENT_IMPLEMENTATION
Q01,决定目录构建,原任务身份及有效范围保留；依赖须读原规范,12,已读蓝图；非新增任务,不得由本包自动宣告PASS,,,UF00;UF02,17;18,保留意图；合并承接；实现未执行,UNVERIFIED_CURRENT_IMPLEMENTATION
Q02,Tauri桥接,原任务身份及有效范围保留；依赖须读原规范,12,已读蓝图；非新增任务,不得由本包自动宣告PASS,,,UF02;UF13,17;18,保留意图；合并承接；实现未执行,UNVERIFIED_CURRENT_IMPLEMENTATION
Q03,合同命令权限,原任务身份及有效范围保留；依赖须读原规范,12,已读蓝图；非新增任务,不得由本包自动宣告PASS,,,UF02;CB01;CB02,17;18,保留意图；合并承接；实现未执行,UNVERIFIED_CURRENT_IMPLEMENTATION
Q04,原件块草稿保存,原任务身份及有效范围保留；依赖须读原规范,12,已读蓝图；非新增任务,不得由本包自动宣告PASS,,,UF03;CB03,17;18,保留意图；合并承接；实现未执行,UNVERIFIED_CURRENT_IMPLEMENTATION
Q05,阅读引用,原任务身份及有效范围保留；依赖须读原规范,12,已读蓝图；非新增任务,不得由本包自动宣告PASS,,,UF03,17;18,保留意图；合并承接；实现未执行,UNVERIFIED_CURRENT_IMPLEMENTATION
Q06,多格式,原任务身份及有效范围保留；依赖须读原规范,12,已读蓝图；非新增任务,不得由本包自动宣告PASS,,,UF11;CB04,17;18,保留意图；合并承接；实现未执行,UNVERIFIED_CURRENT_IMPLEMENTATION
Q07,候选纠正,原任务身份及有效范围保留；依赖须读原规范,12,已读蓝图；非新增任务,不得由本包自动宣告PASS,,,UF09;M01,17;18,保留意图；合并承接；实现未执行,UNVERIFIED_CURRENT_IMPLEMENTATION
Q08,学习AI闭环,原任务身份及有效范围保留；依赖须读原规范,12,已读蓝图；非新增任务,不得由本包自动宣告PASS,,,UF05;UF07;UF09;M01,17;18,保留意图；合并承接；实现未执行,UNVERIFIED_CURRENT_IMPLEMENTATION
Q09,搜索能力目录,原任务身份及有效范围保留；依赖须读原规范,12,已读蓝图；非新增任务,不得由本包自动宣告PASS,,,UF03;UF06;UF08,17;18,保留意图；合并承接；实现未执行,UNVERIFIED_CURRENT_IMPLEMENTATION
Q10,互通导出,原任务身份及有效范围保留；依赖须读原规范,12,已读蓝图；非新增任务,不得由本包自动宣告PASS,,,UF07;UF11,17;18,保留意图；合并承接；实现未执行,UNVERIFIED_CURRENT_IMPLEMENTATION
Q11,一致备份恢复,原任务身份及有效范围保留；依赖须读原规范,12,已读蓝图；非新增任务,不得由本包自动宣告PASS,,,CB01;UF04;M01,17;18,保留意图；合并承接；实现未执行,UNVERIFIED_CURRENT_IMPLEMENTATION
Q12,轻格式增补,原任务身份及有效范围保留；依赖须读原规范,12,已读蓝图；非新增任务,不得由本包自动宣告PASS,,,CB04;UF11,17;18,保留意图；合并承接；实现未执行,UNVERIFIED_CURRENT_IMPLEMENTATION
Q13,性能故障,原任务身份及有效范围保留；依赖须读原规范,12,已读蓝图；非新增任务,不得由本包自动宣告PASS,,,UF13;M01,17;18,保留意图；合并承接；实现未执行,UNVERIFIED_CURRENT_IMPLEMENTATION
Q14,Windows安装态,原任务身份及有效范围保留；依赖须读原规范,12,已读蓝图；非新增任务,不得由本包自动宣告PASS,,,M01,17;18,保留意图；合并承接；实现未执行,UNVERIFIED_CURRENT_IMPLEMENTATION
Q15,收口交接,原任务身份及有效范围保留；依赖须读原规范,12,已读蓝图；非新增任务,不得由本包自动宣告PASS,,,UF13;M01;G01,17;18,保留意图；合并承接；实现未执行,UNVERIFIED_CURRENT_IMPLEMENTATION
F00,基线接管,原任务身份及有效范围保留；依赖须读原规范,12,已读蓝图；非新增任务,不得由本包自动宣告PASS,,,UF00,17;18,保留意图；合并承接；实现未执行,UNVERIFIED_CURRENT_IMPLEMENTATION
F01,编辑深化,原任务身份及有效范围保留；依赖须读原规范,12,已读蓝图；非新增任务,不得由本包自动宣告PASS,,,UF03;CB03,17;18,保留意图；合并承接；实现未执行,UNVERIFIED_CURRENT_IMPLEMENTATION
F02,集合关系公式视图,原任务身份及有效范围保留；依赖须读原规范,12,已读蓝图；非新增任务,不得由本包自动宣告PASS,,,CB03;UF08,17;18,保留意图；合并承接；实现未执行,UNVERIFIED_CURRENT_IMPLEMENTATION
F03,全平台互通,原任务身份及有效范围保留；依赖须读原规范,12,已读蓝图；非新增任务,不得由本包自动宣告PASS,,,UF11;FT03,17;18,保留意图；合并承接；实现未执行,UNVERIFIED_CURRENT_IMPLEMENTATION
F04,学习诊断辅导,原任务身份及有效范围保留；依赖须读原规范,12,已读蓝图；非新增任务,不得由本包自动宣告PASS,,,UF05;UF07,17;18,保留意图；合并承接；实现未执行,UNVERIFIED_CURRENT_IMPLEMENTATION
F05,课程视觉教学,原任务身份及有效范围保留；依赖须读原规范,12,已读蓝图；非新增任务,不得由本包自动宣告PASS,,,UF05;UF07;UF12;FT01,17;18,保留意图；合并承接；实现未执行,UNVERIFIED_CURRENT_IMPLEMENTATION
F06,科研研发,原任务身份及有效范围保留；依赖须读原规范,12,已读蓝图；非新增任务,不得由本包自动宣告PASS,,,UF08;FT04,17;18,保留意图；合并承接；实现未执行,UNVERIFIED_CURRENT_IMPLEMENTATION
F07,AI资产评测,原任务身份及有效范围保留；依赖须读原规范,12,已读蓝图；非新增任务,不得由本包自动宣告PASS,,,UF09,17;18,保留意图；合并承接；实现未执行,UNVERIFIED_CURRENT_IMPLEMENTATION
F08,动态仿真,原任务身份及有效范围保留；依赖须读原规范,12,已读蓝图；非新增任务,不得由本包自动宣告PASS,,,FT01,17;18,保留意图；合并承接；实现未执行,UNVERIFIED_CURRENT_IMPLEMENTATION
F09,空间3D,原任务身份及有效范围保留；依赖须读原规范,12,已读蓝图；非新增任务,不得由本包自动宣告PASS,,,FT02,17;18,保留意图；合并承接；实现未执行,UNVERIFIED_CURRENT_IMPLEMENTATION
F10,同步协同,原任务身份及有效范围保留；依赖须读原规范,12,已读蓝图；非新增任务,不得由本包自动宣告PASS,,,FT03,17;18,保留意图；合并承接；实现未执行,UNVERIFIED_CURRENT_IMPLEMENTATION
F11,插件技能Agent,原任务身份及有效范围保留；依赖须读原规范,12,已读蓝图；非新增任务,不得由本包自动宣告PASS,,,UF09;UF10;FT04,17;18,保留意图；合并承接；实现未执行,UNVERIFIED_CURRENT_IMPLEMENTATION
F12,移动Web加密,原任务身份及有效范围保留；依赖须读原规范,12,已读蓝图；非新增任务,不得由本包自动宣告PASS,,,FT03,17;18,保留意图；合并承接；实现未执行,UNVERIFIED_CURRENT_IMPLEMENTATION
F13,XR/AR,原任务身份及有效范围保留；依赖须读原规范,12,已读蓝图；非新增任务,不得由本包自动宣告PASS,,,FT02,17;18,保留意图；合并承接；实现未执行,UNVERIFIED_CURRENT_IMPLEMENTATION
F14,维护迁出,原任务身份及有效范围保留；依赖须读原规范,12,已读蓝图；非新增任务,不得由本包自动宣告PASS,,,O01;UF11;UF13;M01;S01,17;18,保留意图；合并承接；实现未执行,UNVERIFIED_CURRENT_IMPLEMENTATION
