"key","source","source_id","title","audit_verdict","lane","action","maps_to","evidence"
"RECORD-0928:AA-00","RECORD-0928","AA-00","重新绑定 current main","PARTIAL_CURRENT_BASELINE_READBACK","LIGHT_GOVERNANCE","OPEN_OR_RECHECK_WITH_REAL_EVIDENCE","A00","docs/current/R6-STATE.json"
"RECORD-0928:AA-01","RECORD-0928","AA-01","最小状态对齐","PARTIAL_CURRENT_BASELINE_READBACK","LIGHT_GOVERNANCE","OPEN_OR_RECHECK_WITH_REAL_EVIDENCE","A00|A01","docs/current/R6-STATE.json"
"RECORD-0928:AA-UI-01","RECORD-0928","AA-UI-01","正式 Information Architecture","OPEN_OR_PARTIAL_REQUIRES_GOLDEN_JOURNEY","UI_FRONTEND","OPEN_OR_RECHECK_WITH_REAL_EVIDENCE","A12","docs/current/AAOS-UI-COVERAGE-MATRIX-20261001.md|docs/current/AAOS-UI-BACKEND-MAP-20261001.md"
"RECORD-0928:AA-UI-02","RECORD-0928","AA-UI-02","Global Command / Menu / Context Navigation","OPEN_OR_PARTIAL_REQUIRES_GOLDEN_JOURNEY","UI_FRONTEND","OPEN_OR_RECHECK_WITH_REAL_EVIDENCE","A12","docs/current/AAOS-UI-COVERAGE-MATRIX-20261001.md|docs/current/AAOS-UI-BACKEND-MAP-20261001.md"
"RECORD-0928:AA-UI-03","RECORD-0928","AA-UI-03","Import / Capture","OPEN_OR_PARTIAL_REQUIRES_GOLDEN_JOURNEY","UI_FRONTEND","OPEN_OR_RECHECK_WITH_REAL_EVIDENCE","A04|A05|A12","docs/current/AAOS-UI-COVERAGE-MATRIX-20261001.md|docs/current/AAOS-UI-BACKEND-MAP-20261001.md"
"RECORD-0928:AA-UI-04","RECORD-0928","AA-UI-04","Library / Reader / Evidence","OPEN_OR_PARTIAL_REQUIRES_GOLDEN_JOURNEY","UI_FRONTEND","OPEN_OR_RECHECK_WITH_REAL_EVIDENCE","A04|A05|A12","docs/current/AAOS-UI-COVERAGE-MATRIX-20261001.md|docs/current/AAOS-UI-BACKEND-MAP-20261001.md"
"RECORD-0928:AA-UI-05","RECORD-0928","AA-UI-05","Knowledge","OPEN_OR_PARTIAL_REQUIRES_GOLDEN_JOURNEY","UI_FRONTEND","OPEN_OR_RECHECK_WITH_REAL_EVIDENCE","A04|A12","docs/current/AAOS-UI-COVERAGE-MATRIX-20261001.md|docs/current/AAOS-UI-BACKEND-MAP-20261001.md"
"RECORD-0928:AA-UI-06","RECORD-0928","AA-UI-06","Search","OPEN_OR_PARTIAL_REQUIRES_GOLDEN_JOURNEY","UI_FRONTEND","OPEN_OR_RECHECK_WITH_REAL_EVIDENCE","A06|A12","docs/current/AAOS-UI-COVERAGE-MATRIX-20261001.md|docs/current/AAOS-UI-BACKEND-MAP-20261001.md"
"RECORD-0928:AA-UI-07","RECORD-0928","AA-UI-07","Learning Plan / Course / Artifact","OPEN_OR_PARTIAL_REQUIRES_GOLDEN_JOURNEY","UI_FRONTEND","OPEN_OR_RECHECK_WITH_REAL_EVIDENCE","A08|A09|A10|A12","docs/current/AAOS-UI-COVERAGE-MATRIX-20261001.md|docs/current/AAOS-UI-BACKEND-MAP-20261001.md"
"RECORD-0928:AA-UI-08","RECORD-0928","AA-UI-08","Assessment / Review / Mastery","OPEN_OR_PARTIAL_REQUIRES_GOLDEN_JOURNEY","UI_FRONTEND","OPEN_OR_RECHECK_WITH_REAL_EVIDENCE","A08|A12","docs/current/AAOS-UI-COVERAGE-MATRIX-20261001.md|docs/current/AAOS-UI-BACKEND-MAP-20261001.md"
"RECORD-0928:AA-UI-09","RECORD-0928","AA-UI-09","Machine Task / Correction / Retest","OPEN_OR_PARTIAL_REQUIRES_GOLDEN_JOURNEY","UI_FRONTEND","OPEN_OR_RECHECK_WITH_REAL_EVIDENCE","A07|A14|A12","docs/current/AAOS-UI-COVERAGE-MATRIX-20261001.md|docs/current/AAOS-UI-BACKEND-MAP-20261001.md"
"RECORD-0928:AA-UI-10","RECORD-0928","AA-UI-10","Backup / Restore / Migration / Recovery","OPEN_OR_PARTIAL_REQUIRES_GOLDEN_JOURNEY","UI_FRONTEND","OPEN_OR_RECHECK_WITH_REAL_EVIDENCE","A13|A12","docs/current/AAOS-UI-COVERAGE-MATRIX-20261001.md|docs/current/AAOS-UI-BACKEND-MAP-20261001.md"
"RECORD-0928:AA-UI-11","RECORD-0928","AA-UI-11","UI 状态矩阵","OPEN_OR_PARTIAL_REQUIRES_GOLDEN_JOURNEY","UI_FRONTEND","OPEN_OR_RECHECK_WITH_REAL_EVIDENCE","A12","docs/current/AAOS-UI-COVERAGE-MATRIX-20261001.md|docs/current/AAOS-UI-BACKEND-MAP-20261001.md"
"RECORD-0928:AA-UI-12","RECORD-0928","AA-UI-12","交互与动画","OPEN_OR_PARTIAL_REQUIRES_GOLDEN_JOURNEY","UI_FRONTEND","OPEN_OR_RECHECK_WITH_REAL_EVIDENCE","A12","docs/current/AAOS-UI-COVERAGE-MATRIX-20261001.md|docs/current/AAOS-UI-BACKEND-MAP-20261001.md"
"RECORD-0928:AA-UI-13","RECORD-0928","AA-UI-13","ICON / PNG / GIF / Illustration","OPEN_OR_PARTIAL_REQUIRES_GOLDEN_JOURNEY","UI_FRONTEND","OPEN_OR_RECHECK_WITH_REAL_EVIDENCE","A03|A12","docs/current/AAOS-UI-COVERAGE-MATRIX-20261001.md|docs/current/AAOS-UI-BACKEND-MAP-20261001.md"
"RECORD-0928:AA-UI-14","RECORD-0928","AA-UI-14","Accessibility / Native Acceptance","OPEN_OR_PARTIAL_REQUIRES_GOLDEN_JOURNEY","UI_FRONTEND","OPEN_OR_RECHECK_WITH_REAL_EVIDENCE","A12|A15","docs/current/AAOS-UI-COVERAGE-MATRIX-20261001.md|docs/current/AAOS-UI-BACKEND-MAP-20261001.md"
"RECORD-0928:AA-BE-01","RECORD-0928","AA-BE-01","Provider Consumption Contract","OPEN_OR_PARTIAL_REQUIRES_GOLDEN_JOURNEY","BACKEND_FRONTEND_LOOP","OPEN_OR_RECHECK_WITH_REAL_EVIDENCE","A03|A11","docs/current/R6-STATE.json"
"RECORD-0928:AA-BE-02","RECORD-0928","AA-BE-02","多格式 Intake 统一合同","OPEN_OR_PARTIAL_REQUIRES_GOLDEN_JOURNEY","BACKEND_FRONTEND_LOOP","OPEN_OR_RECHECK_WITH_REAL_EVIDENCE","A05","docs/current/R6-STATE.json"
"RECORD-0928:AA-BE-03","RECORD-0928","AA-BE-03","OCR","OPEN_OR_PARTIAL_REQUIRES_GOLDEN_JOURNEY","BACKEND_FRONTEND_LOOP","OPEN_OR_RECHECK_WITH_REAL_EVIDENCE","A05","docs/current/R6-STATE.json"
"RECORD-0928:AA-BE-04","RECORD-0928","AA-BE-04","ASR","OPEN_OR_PARTIAL_REQUIRES_GOLDEN_JOURNEY","BACKEND_FRONTEND_LOOP","OPEN_OR_RECHECK_WITH_REAL_EVIDENCE","A05","docs/current/R6-STATE.json"
"RECORD-0928:AA-BE-05","RECORD-0928","AA-BE-05","Retrieval","OPEN_OR_PARTIAL_REQUIRES_GOLDEN_JOURNEY","BACKEND_FRONTEND_LOOP","OPEN_OR_RECHECK_WITH_REAL_EVIDENCE","A06","docs/current/R6-STATE.json"
"RECORD-0928:AA-BE-06","RECORD-0928","AA-BE-06","General Learning","OPEN_OR_PARTIAL_REQUIRES_GOLDEN_JOURNEY","BACKEND_FRONTEND_LOOP","OPEN_OR_RECHECK_WITH_REAL_EVIDENCE","A09|A10","docs/current/R6-STATE.json"
"RECORD-0928:AA-BE-07","RECORD-0928","AA-BE-07","Human Learning","OPEN_OR_PARTIAL_REQUIRES_GOLDEN_JOURNEY","BACKEND_FRONTEND_LOOP","OPEN_OR_RECHECK_WITH_REAL_EVIDENCE","A08","docs/current/R6-STATE.json"
"RECORD-0928:AA-BE-08","RECORD-0928","AA-BE-08","Real Local Machine Loop","OPEN_OR_PARTIAL_REQUIRES_GOLDEN_JOURNEY","BACKEND_FRONTEND_LOOP","OPEN_OR_RECHECK_WITH_REAL_EVIDENCE","A07|A14","docs/current/R6-STATE.json"
"RECORD-0928:AA-BE-09","RECORD-0928","AA-BE-09","Backup / Restore","OPEN_OR_PARTIAL_REQUIRES_GOLDEN_JOURNEY","BACKEND_FRONTEND_LOOP","OPEN_OR_RECHECK_WITH_REAL_EVIDENCE","A13","docs/current/R6-STATE.json"
"RECORD-0928:AA-BE-10","RECORD-0928","AA-BE-10","Legacy Copy Migration","OPEN_OR_PARTIAL_REQUIRES_GOLDEN_JOURNEY","BACKEND_FRONTEND_LOOP","OPEN_OR_RECHECK_WITH_REAL_EVIDENCE","A13","docs/current/R6-STATE.json"
"RECORD-0928:AA-CLEAN-01","RECORD-0928","AA-CLEAN-01","Repository Forensic Volume Audit","PAUSED_BY_USER_CLEANUP_STOP","PAUSED_BY_USER","NO_CURRENT_EXECUTION","","docs/current/R6-STATE.json"
"RECORD-0928:AA-CLEAN-02","RECORD-0928","AA-CLEAN-02","Green Forensic Volume Audit","PAUSED_BY_USER_CLEANUP_STOP","PAUSED_BY_USER","NO_CURRENT_EXECUTION","","docs/current/R6-STATE.json"
"RECORD-0928:AA-CLEAN-03","RECORD-0928","AA-CLEAN-03","Path / Spill Trace","PAUSED_BY_USER_CLEANUP_STOP","PAUSED_BY_USER","NO_CURRENT_EXECUTION","","docs/current/R6-STATE.json"
"RECORD-0928:AA-CLEAN-04","RECORD-0928","AA-CLEAN-04","Cleanup Classes","PAUSED_BY_USER_CLEANUP_STOP","PAUSED_BY_USER","NO_CURRENT_EXECUTION","","docs/current/R6-STATE.json"
"RECORD-0928:GJ-01","RECORD-0928","GJ-01","多格式真实输入","OPEN_OR_PARTIAL_REQUIRES_GOLDEN_JOURNEY","BACKEND_FRONTEND_LOOP","OPEN_OR_RECHECK_WITH_REAL_EVIDENCE","A05","docs/current/R6-STATE.json"
"RECORD-0928:GJ-02","RECORD-0928","GJ-02","Source 到 Knowledge","OPEN_OR_PARTIAL_REQUIRES_GOLDEN_JOURNEY","BACKEND_FRONTEND_LOOP","OPEN_OR_RECHECK_WITH_REAL_EVIDENCE","A04|A05","docs/current/R6-STATE.json"
"RECORD-0928:GJ-03","RECORD-0928","GJ-03","Search","OPEN_OR_PARTIAL_REQUIRES_GOLDEN_JOURNEY","BACKEND_FRONTEND_LOOP","OPEN_OR_RECHECK_WITH_REAL_EVIDENCE","A06","docs/current/R6-STATE.json"
"RECORD-0928:GJ-04","RECORD-0928","GJ-04","Human Learning","OPEN_OR_PARTIAL_REQUIRES_GOLDEN_JOURNEY","BACKEND_FRONTEND_LOOP","OPEN_OR_RECHECK_WITH_REAL_EVIDENCE","A08","docs/current/R6-STATE.json"
"RECORD-0928:GJ-05","RECORD-0928","GJ-05","Human Restart","OPEN_OR_PARTIAL_REQUIRES_GOLDEN_JOURNEY","BACKEND_FRONTEND_LOOP","OPEN_OR_RECHECK_WITH_REAL_EVIDENCE","A08","docs/current/R6-STATE.json"
"RECORD-0928:GJ-06","RECORD-0928","GJ-06","Machine Learning Loop","OPEN_OR_PARTIAL_REQUIRES_GOLDEN_JOURNEY","BACKEND_FRONTEND_LOOP","OPEN_OR_RECHECK_WITH_REAL_EVIDENCE","A07|A14","docs/current/R6-STATE.json"
"RECORD-0928:GJ-07","RECORD-0928","GJ-07","Machine Restart","OPEN_OR_PARTIAL_REQUIRES_GOLDEN_JOURNEY","BACKEND_FRONTEND_LOOP","OPEN_OR_RECHECK_WITH_REAL_EVIDENCE","A07|A14","docs/current/R6-STATE.json"
"RECORD-0928:GJ-08","RECORD-0928","GJ-08","Backup / Restore","OPEN_OR_PARTIAL_REQUIRES_GOLDEN_JOURNEY","BACKEND_FRONTEND_LOOP","OPEN_OR_RECHECK_WITH_REAL_EVIDENCE","A13","docs/current/R6-STATE.json"
"RECORD-0928:GJ-09","RECORD-0928","GJ-09","Legacy Migration","OPEN_OR_PARTIAL_REQUIRES_GOLDEN_JOURNEY","BACKEND_FRONTEND_LOOP","OPEN_OR_RECHECK_WITH_REAL_EVIDENCE","A13","docs/current/R6-STATE.json"
"RECORD-0928:GJ-10","RECORD-0928","GJ-10","Exact-source Candidate","OPEN_OR_PARTIAL_REQUIRES_GOLDEN_JOURNEY","BACKEND_FRONTEND_LOOP","OPEN_OR_RECHECK_WITH_REAL_EVIDENCE","A13","docs/current/R6-STATE.json"
"RECORD-0928:GJ-11","RECORD-0928","GJ-11","Native Acceptance","OPEN_OR_PARTIAL_REQUIRES_GOLDEN_JOURNEY","BACKEND_FRONTEND_LOOP","OPEN_OR_RECHECK_WITH_REAL_EVIDENCE","A12|A15","docs/current/R6-STATE.json"
"RECORD-0928:GJ-12","RECORD-0928","GJ-12","A15","OWNER_GATE_OPEN","OWNER_GATE","AWAIT_OWNER_DECISION","A15","docs/current/R6-STATE.json"
"RECORD-0928:GJ-13","RECORD-0928","GJ-13","A16 / Green Owner Gate","OWNER_GATE_OPEN","OWNER_GATE","AWAIT_OWNER_DECISION","A16","docs/current/R6-STATE.json"
"RECORD-0930:U930-01","RECORD-0930","U930-01","Current Core 与 Future Capability 信息架构、Super 入口和三级对象导航","OPEN_OR_PARTIAL","UI_FRONTEND","OPEN_OR_RECHECK_WITH_REAL_EVIDENCE","","docs/current/AAOS-UI-NAVIGATION-IA-20261001.md"
"RECORD-0930:U930-02","RECORD-0930","U930-02","真实 Knowledge、Learning、Search、Pipeline、Model 工作面及来源状态","OPEN_OR_PARTIAL","UI_FRONTEND","OPEN_OR_RECHECK_WITH_REAL_EVIDENCE","","docs/current/AAOS-UI-BACKEND-MAP-20261001.md"
"RECORD-0930:U930-03","RECORD-0930","U930-03","历史吸收池 proposed/evaluating/adopted/rejected 状态投影","OPEN_OR_PARTIAL","UI_FRONTEND","OPEN_OR_RECHECK_WITH_REAL_EVIDENCE","","docs/current/AAOS-UI-COVERAGE-MATRIX-20261001.md"
"RECORD-0930:U930-04","RECORD-0930","U930-04","静态业务配图转真实数据图；地图/列表降级和装饰图分离","OPEN_OR_PARTIAL","UI_FRONTEND","OPEN_OR_RECHECK_WITH_REAL_EVIDENCE","","docs/current/AAOS-UI-MASTER-ASSET-AUDIT-20261001.md"
"RECORD-0930:U930-05","RECORD-0930","U930-05","route/API/contract/deep-link/storage 兼容矩阵","OPEN_OR_PARTIAL","UI_FRONTEND","OPEN_OR_RECHECK_WITH_REAL_EVIDENCE","","docs/current/AAOS-UI-BACKEND-MAP-20261001.md"
"RECORD-0930:U930-06","RECORD-0930","U930-06","Capability schema 分离实施状态和当前可用状态","OPEN_OR_PARTIAL","UI_FRONTEND","OPEN_OR_RECHECK_WITH_REAL_EVIDENCE","","docs/current/AAOS-UI-NAVIGATION-IA-20261001.md"
"RECORD-0930:U930-07","RECORD-0930","U930-07","UI01–UI14 开源候选逐项核官方源码、版本、许可证及 Avalonia 可用性","OPEN_OR_PARTIAL","UI_FRONTEND","OPEN_OR_RECHECK_WITH_REAL_EVIDENCE","","docs/current/AAOS-UI-THIRD-PARTY-ICON-SOURCES-20261001.md"
"RECORD-0930:U930-08","RECORD-0930","U930-08","loading/empty/success/partial/error/offline/stale/denied/conflict/recovery 及 receipt/readback","OPEN_OR_PARTIAL","UI_FRONTEND","OPEN_OR_RECHECK_WITH_REAL_EVIDENCE","","docs/current/AAOS-UI-COVERAGE-MATRIX-20261001.md"
"RECORD-0930:U930-09","RECORD-0930","U930-09","Windows IME、键盘、a11y、DPI、双主题与截图矩阵","OPEN_OR_PARTIAL","UI_FRONTEND","OPEN_OR_RECHECK_WITH_REAL_EVIDENCE","","docs/current/AAOS-VISUAL-QA-20261001.md"
"RECORD-0930:U930-10","RECORD-0930","U930-10","正式 Desktop 生产构建、E2E、重启恢复与原 Green 安装验收","OPEN_OR_PARTIAL","UI_FRONTEND","OPEN_OR_RECHECK_WITH_REAL_EVIDENCE","","docs/current/AAOS-DESKTOP-STARTUP-20261001.md"
"RECORD-0930:U930-11","RECORD-0930","U930-11","六份交付：Completion Report、Final IA、Capability Matrix、Visual QA、Asset Manifest、Merge-ready Handoff","OPEN_OR_PARTIAL","UI_FRONTEND","OPEN_OR_RECHECK_WITH_REAL_EVIDENCE","","docs/current/AAOS-UI-HANDOFF-20261001.md"
"RECORD-0930:U930-D01","RECORD-0930","U930-D01","AAOS_FRONTEND_COMPLETION_REPORT.md","DELIVERABLE_NAME_OR_ACCEPTANCE_NOT_YET_CLOSED","UI_FRONTEND","OPEN_OR_RECHECK_WITH_REAL_EVIDENCE","","docs/current/AAOS-OPEN-WORK-REGISTER-20261001.md"
"RECORD-0930:U930-D02","RECORD-0930","U930-D02","AAOS_FINAL_IA.md","DELIVERABLE_NAME_OR_ACCEPTANCE_NOT_YET_CLOSED","UI_FRONTEND","OPEN_OR_RECHECK_WITH_REAL_EVIDENCE","","docs/current/AAOS-OPEN-WORK-REGISTER-20261001.md"
"RECORD-0930:U930-D03","RECORD-0930","U930-D03","AAOS_CAPABILITY_UI_MATRIX.md","DELIVERABLE_NAME_OR_ACCEPTANCE_NOT_YET_CLOSED","UI_FRONTEND","OPEN_OR_RECHECK_WITH_REAL_EVIDENCE","","docs/current/AAOS-OPEN-WORK-REGISTER-20261001.md"
"RECORD-0930:U930-D04","RECORD-0930","U930-D04","AAOS_VISUAL_QA.md","DELIVERABLE_NAME_OR_ACCEPTANCE_NOT_YET_CLOSED","UI_FRONTEND","OPEN_OR_RECHECK_WITH_REAL_EVIDENCE","","docs/current/AAOS-OPEN-WORK-REGISTER-20261001.md"
"RECORD-0930:U930-D05","RECORD-0930","U930-D05","AAOS_ASSET_MANIFEST.json","DELIVERABLE_NAME_OR_ACCEPTANCE_NOT_YET_CLOSED","UI_FRONTEND","OPEN_OR_RECHECK_WITH_REAL_EVIDENCE","","docs/current/AAOS-OPEN-WORK-REGISTER-20261001.md"
"RECORD-0930:U930-D06","RECORD-0930","U930-D06","AAOS_MERGE_READY_HANDOFF.md","DELIVERABLE_NAME_OR_ACCEPTANCE_NOT_YET_CLOSED","UI_FRONTEND","OPEN_OR_RECHECK_WITH_REAL_EVIDENCE","","docs/current/AAOS-OPEN-WORK-REGISTER-20261001.md"
"OSS-0930:UI01","OSS-0930","UI01","shadcn/ui","CANDIDATE_NOT_ADOPTED","CANDIDATE_REVIEW","NO_CURRENT_EXECUTION","","docs/current/AAOS-UI-THIRD-PARTY-ICON-SOURCES-20261001.md"
"OSS-0930:UI02","OSS-0930","UI02","Uiverse Galaxy","CANDIDATE_NOT_ADOPTED","CANDIDATE_REVIEW","NO_CURRENT_EXECUTION","","docs/current/AAOS-UI-THIRD-PARTY-ICON-SOURCES-20261001.md"
"OSS-0930:UI03","OSS-0930","UI03","Magic UI","CANDIDATE_NOT_ADOPTED","CANDIDATE_REVIEW","NO_CURRENT_EXECUTION","","docs/current/AAOS-UI-THIRD-PARTY-ICON-SOURCES-20261001.md"
"OSS-0930:UI04","OSS-0930","UI04","React Bits","CANDIDATE_NOT_ADOPTED","CANDIDATE_REVIEW","NO_CURRENT_EXECUTION","","docs/current/AAOS-UI-THIRD-PARTY-ICON-SOURCES-20261001.md"
"OSS-0930:UI05","OSS-0930","UI05","Aceternity","CANDIDATE_NOT_ADOPTED","CANDIDATE_REVIEW","NO_CURRENT_EXECUTION","","docs/current/AAOS-UI-THIRD-PARTY-ICON-SOURCES-20261001.md"
"OSS-0930:UI06","OSS-0930","UI06","Semi Design","CANDIDATE_NOT_ADOPTED","CANDIDATE_REVIEW","NO_CURRENT_EXECUTION","","docs/current/AAOS-UI-THIRD-PARTY-ICON-SOURCES-20261001.md"
"OSS-0930:UI07","OSS-0930","UI07","Tailwind","CANDIDATE_NOT_ADOPTED","CANDIDATE_REVIEW","NO_CURRENT_EXECUTION","","docs/current/AAOS-UI-THIRD-PARTY-ICON-SOURCES-20261001.md"
"OSS-0930:UI08","OSS-0930","UI08","Spectrum Web Components","CANDIDATE_NOT_ADOPTED","CANDIDATE_REVIEW","NO_CURRENT_EXECUTION","","docs/current/AAOS-UI-THIRD-PARTY-ICON-SOURCES-20261001.md"
"OSS-0930:UI09","OSS-0930","UI09","Web Awesome","CANDIDATE_NOT_ADOPTED","CANDIDATE_REVIEW","NO_CURRENT_EXECUTION","","docs/current/AAOS-UI-THIRD-PARTY-ICON-SOURCES-20261001.md"
"OSS-0930:UI10","OSS-0930","UI10","XYFlow","CANDIDATE_NOT_ADOPTED","CANDIDATE_REVIEW","NO_CURRENT_EXECUTION","","docs/current/AAOS-UI-THIRD-PARTY-ICON-SOURCES-20261001.md"
"OSS-0930:UI11","OSS-0930","UI11","D3","CANDIDATE_NOT_ADOPTED","CANDIDATE_REVIEW","NO_CURRENT_EXECUTION","","docs/current/AAOS-UI-THIRD-PARTY-ICON-SOURCES-20261001.md"
"OSS-0930:UI12","OSS-0930","UI12","Penpot","CANDIDATE_NOT_ADOPTED","CANDIDATE_REVIEW","NO_CURRENT_EXECUTION","","docs/current/AAOS-UI-THIRD-PARTY-ICON-SOURCES-20261001.md"
"OSS-0930:UI13","OSS-0930","UI13","Dify/n8n","CANDIDATE_NOT_ADOPTED","CANDIDATE_REVIEW","NO_CURRENT_EXECUTION","","docs/current/AAOS-UI-THIRD-PARTY-ICON-SOURCES-20261001.md"
"OSS-0930:UI14","OSS-0930","UI14","Lucide","PARTIAL_SOURCE_VERIFIED","CANDIDATE_REVIEW","NO_CURRENT_EXECUTION","","docs/current/AAOS-UI-THIRD-PARTY-ICON-SOURCES-20261001.md"
"UI-PROMPT:P00","UI-PROMPT","P00","审计实际技术栈、路由、存储、搜索、学习/FSRS、AI、证据与 Schema","OPEN_OR_PARTIAL","UI_FRONTEND","OPEN_OR_RECHECK_WITH_REAL_EVIDENCE","","docs/current/AAOS-UI-COVERAGE-MATRIX-20261001.md"
"UI-PROMPT:P01","UI-PROMPT","P01","13 组 UI 包来源核验；最新用户指定 PNG 优先于旧 B10 色值/视觉","OPEN_OR_PARTIAL","UI_FRONTEND","OPEN_OR_RECHECK_WITH_REAL_EVIDENCE","","docs/current/AAOS-UI-COVERAGE-MATRIX-20261001.md"
"UI-PROMPT:P02","UI-PROMPT","P02","Evidence-driven、Local-first、人机双向学习主闭环","OPEN_OR_PARTIAL","UI_FRONTEND","OPEN_OR_RECHECK_WITH_REAL_EVIDENCE","","docs/current/AAOS-UI-COVERAGE-MATRIX-20261001.md"
"UI-PROMPT:P03","UI-PROMPT","P03","品牌色、星环结构、稳定阅读与节制动效","OPEN_OR_PARTIAL","UI_FRONTEND","OPEN_OR_RECHECK_WITH_REAL_EVIDENCE","","docs/current/AAOS-UI-COVERAGE-MATRIX-20261001.md"
"UI-PROMPT:P04","UI-PROMPT","P04","Home、Capture、Evidence Library/Detail、Original、Human/Machine Learning、Workspace、Memory、Search、Review、Settings","OPEN_OR_PARTIAL","UI_FRONTEND","OPEN_OR_RECHECK_WITH_REAL_EVIDENCE","","docs/current/AAOS-UI-COVERAGE-MATRIX-20261001.md"
"UI-PROMPT:P05","UI-PROMPT","P05","通用组件、证据专属组件、命令面板、引用和 FSRS 动作","OPEN_OR_PARTIAL","UI_FRONTEND","OPEN_OR_RECHECK_WITH_REAL_EVIDENCE","","docs/current/AAOS-UI-COVERAGE-MATRIX-20261001.md"
"UI-PROMPT:P06","UI-PROMPT","P06","真实本地 Repository/Adapter、离线/冲突及外部模型边界","OPEN_OR_PARTIAL","UI_FRONTEND","OPEN_OR_RECHECK_WITH_REAL_EVIDENCE","","docs/current/AAOS-UI-COVERAGE-MATRIX-20261001.md"
"UI-PROMPT:P07","UI-PROMPT","P07","词法/语义搜索降级和真实 FSRS 调度","OPEN_OR_PARTIAL","UI_FRONTEND","OPEN_OR_RECHECK_WITH_REAL_EVIDENCE","","docs/current/AAOS-UI-COVERAGE-MATRIX-20261001.md"
"UI-PROMPT:P08","UI-PROMPT","P08","响应式、44 DIP 命中、键盘、4.5:1 对比和窄屏图谱","OPEN_OR_PARTIAL","UI_FRONTEND","OPEN_OR_RECHECK_WITH_REAL_EVIDENCE","","docs/current/AAOS-UI-COVERAGE-MATRIX-20261001.md"
"UI-PROMPT:P09","UI-PROMPT","P09","实施报告、视觉 QA、来源审计、smoke/build/typecheck/lint","OPEN_OR_PARTIAL","UI_FRONTEND","OPEN_OR_RECHECK_WITH_REAL_EVIDENCE","","docs/current/AAOS-UI-COVERAGE-MATRIX-20261001.md"
"ATLAS-0929:REQ-SOURCE-001","ATLAS-0929","REQ-SOURCE-001","原件保全与来源接入","PARTIAL_RECHECK_CURRENT","BACKEND_FRONTEND_LOOP","OPEN_OR_RECHECK_WITH_REAL_EVIDENCE","CAP-0010","docs/truth/CAPABILITY_ATLAS_V2.yaml|docs/current/R6-STATE.json"
"ATLAS-0929:REQ-CONVERT-001","ATLAS-0929","REQ-CONVERT-001","多格式转换与质量门","PARTIAL_RECHECK_CURRENT","BACKEND_FRONTEND_LOOP","OPEN_OR_RECHECK_WITH_REAL_EVIDENCE","CAP-0020","docs/truth/CAPABILITY_ATLAS_V2.yaml|docs/current/R6-STATE.json"
"ATLAS-0929:REQ-EVIDENCE-001","ATLAS-0929","REQ-EVIDENCE-001","证据锚定交叉核验","PARTIAL_RECHECK_CURRENT","BACKEND_FRONTEND_LOOP","OPEN_OR_RECHECK_WITH_REAL_EVIDENCE","CAP-0030","docs/truth/CAPABILITY_ATLAS_V2.yaml|docs/current/R6-STATE.json"
"ATLAS-0929:REQ-LEARNING-001","ATLAS-0929","REQ-LEARNING-001","人类深度学习链","PARTIAL_RECHECK_CURRENT","BACKEND_FRONTEND_LOOP","OPEN_OR_RECHECK_WITH_REAL_EVIDENCE","CAP-0040","docs/truth/CAPABILITY_ATLAS_V2.yaml|docs/current/R6-STATE.json"
"ATLAS-0929:REQ-AI-ASSET-001","ATLAS-0929","REQ-AI-ASSET-001","AI 学习资产与受控调用","DEFERRED_BLUEPRINT","DEFERRED_BLUEPRINT","NO_CURRENT_EXECUTION","CAP-0050","docs/truth/CAPABILITY_ATLAS_V2.yaml|docs/current/R6-STATE.json"
"ATLAS-0929:REQ-LER-001","ATLAS-0929","REQ-LER-001","LER 视觉教学","DEFERRED_BLUEPRINT","DEFERRED_BLUEPRINT","NO_CURRENT_EXECUTION","CAP-0060","docs/truth/CAPABILITY_ATLAS_V2.yaml|docs/current/R6-STATE.json"
"ATLAS-0929:REQ-LER-002","ATLAS-0929","REQ-LER-002","动态解释与仿真","DEFERRED_BLUEPRINT","DEFERRED_BLUEPRINT","NO_CURRENT_EXECUTION","CAP-0070","docs/truth/CAPABILITY_ATLAS_V2.yaml|docs/current/R6-STATE.json"
"ATLAS-0929:REQ-SPATIAL-001","ATLAS-0929","REQ-SPATIAL-001","空间记忆与沉浸学习","DEFERRED_BLUEPRINT","DEFERRED_BLUEPRINT","NO_CURRENT_EXECUTION","CAP-0080","docs/truth/CAPABILITY_ATLAS_V2.yaml|docs/current/R6-STATE.json"
"ATLAS-0929:REQ-RESEARCH-001","ATLAS-0929","REQ-RESEARCH-001","研究课程项目空间","DEFERRED_BLUEPRINT","DEFERRED_BLUEPRINT","NO_CURRENT_EXECUTION","CAP-0090","docs/truth/CAPABILITY_ATLAS_V2.yaml|docs/current/R6-STATE.json"
"ATLAS-0929:REQ-INTEROP-001","ATLAS-0929","REQ-INTEROP-001","开放互操作与适配器","PARTIAL_RECHECK_CURRENT","BACKEND_FRONTEND_LOOP","OPEN_OR_RECHECK_WITH_REAL_EVIDENCE","CAP-0100","docs/truth/CAPABILITY_ATLAS_V2.yaml|docs/current/R6-STATE.json"
"ATLAS-0929:REQ-SEARCH-001","ATLAS-0929","REQ-SEARCH-001","搜索图谱索引","PARTIAL_RECHECK_CURRENT","BACKEND_FRONTEND_LOOP","OPEN_OR_RECHECK_WITH_REAL_EVIDENCE","CAP-0110","docs/truth/CAPABILITY_ATLAS_V2.yaml|docs/current/R6-STATE.json"
"ATLAS-0929:REQ-DESKTOP-001","ATLAS-0929","REQ-DESKTOP-001","桌面平台","PARTIAL_RECHECK_CURRENT","BACKEND_FRONTEND_LOOP","OPEN_OR_RECHECK_WITH_REAL_EVIDENCE","CAP-0120","docs/truth/CAPABILITY_ATLAS_V2.yaml|docs/current/R6-STATE.json"
"ATLAS-0929:REQ-EXPLORATION-001","ATLAS-0929","REQ-EXPLORATION-001","受控执行探索","DEFERRED_BLUEPRINT","DEFERRED_BLUEPRINT","NO_CURRENT_EXECUTION","CAP-0130","docs/truth/CAPABILITY_ATLAS_V2.yaml|docs/current/R6-STATE.json"
"ATLAS-0929:REQ-BACKUP-001","ATLAS-0929","REQ-BACKUP-001","备份同步发布","PARTIAL_RECHECK_CURRENT","BACKEND_FRONTEND_LOOP","OPEN_OR_RECHECK_WITH_REAL_EVIDENCE","CAP-0140","docs/truth/CAPABILITY_ATLAS_V2.yaml|docs/current/R6-STATE.json"
"ATLAS-0929:REQ-PROVIDER-001","ATLAS-0929","REQ-PROVIDER-001","模型 Provider 治理","DEFERRED_BLUEPRINT","DEFERRED_BLUEPRINT","NO_CURRENT_EXECUTION","CAP-0150","docs/truth/CAPABILITY_ATLAS_V2.yaml|docs/current/R6-STATE.json"
"ATLAS-0929:REQ-VISUAL-001","ATLAS-0929","REQ-VISUAL-001","可视化表征","DEFERRED_BLUEPRINT","DEFERRED_BLUEPRINT","NO_CURRENT_EXECUTION","CAP-0160","docs/truth/CAPABILITY_ATLAS_V2.yaml|docs/current/R6-STATE.json"
"ATLAS-0929:REQ-IDENTITY-001","ATLAS-0929","REQ-IDENTITY-001","产品身份与命名","PARTIAL_RECHECK_CURRENT","BACKEND_FRONTEND_LOOP","OPEN_OR_RECHECK_WITH_REAL_EVIDENCE","—","docs/truth/CAPABILITY_ATLAS_V2.yaml|docs/current/R6-STATE.json"
"ABSORB-0929:CAP-CORE-KNOWLEDGE","ABSORB-0929","CAP-CORE-KNOWLEDGE","Canonical knowledge and source lifecycle","HISTORICAL_CANDIDATE_REQUIRES_CURRENT_LICENSE_RUNTIME_EVIDENCE","CANDIDATE_REVIEW","NO_CURRENT_EXECUTION","","docs/current/R6-STATE.json"
"ABSORB-0929:CAP-DEEPTUTOR","ABSORB-0929","CAP-DEEPTUTOR","Source-grounded tutor and recoverable learning workspace","HISTORICAL_CANDIDATE_REQUIRES_CURRENT_LICENSE_RUNTIME_EVIDENCE","CANDIDATE_REVIEW","NO_CURRENT_EXECUTION","","docs/current/R6-STATE.json"
"ABSORB-0929:CAP-OPENTUTOR","ABSORB-0929","CAP-OPENTUTOR","Adaptive learning blocks and FSRS integration","HISTORICAL_CANDIDATE_REQUIRES_CURRENT_LICENSE_RUNTIME_EVIDENCE","CANDIDATE_REVIEW","NO_CURRENT_EXECUTION","","docs/current/R6-STATE.json"
"ABSORB-0929:CAP-LEARNINGMAP","ABSORB-0929","CAP-LEARNINGMAP","Knowledge components, prerequisites, diagnosis, and pedagogy","HISTORICAL_CANDIDATE_REQUIRES_CURRENT_LICENSE_RUNTIME_EVIDENCE","CANDIDATE_REVIEW","NO_CURRENT_EXECUTION","","docs/current/R6-STATE.json"
"ABSORB-0929:CAP-OPENMAIC","ABSORB-0929","CAP-OPENMAIC","Course DSL, renderer, and interactive learning artifacts","HISTORICAL_CANDIDATE_REQUIRES_CURRENT_LICENSE_RUNTIME_EVIDENCE","CANDIDATE_REVIEW","NO_CURRENT_EXECUTION","","docs/current/R6-STATE.json"
"ABSORB-0929:CAP-RAG-ANYTHING","ABSORB-0929","CAP-RAG-ANYTHING","Multimodal document parsing and structure extraction","HISTORICAL_CANDIDATE_REQUIRES_CURRENT_LICENSE_RUNTIME_EVIDENCE","CANDIDATE_REVIEW","NO_CURRENT_EXECUTION","","docs/current/R6-STATE.json"
"ABSORB-0929:CAP-LIGHTRAG","ABSORB-0929","CAP-LIGHTRAG","Mixed vector and graph retrieval projection","HISTORICAL_CANDIDATE_REQUIRES_CURRENT_LICENSE_RUNTIME_EVIDENCE","CANDIDATE_REVIEW","NO_CURRENT_EXECUTION","","docs/current/R6-STATE.json"
"ABSORB-0929:CAP-GRAPHITI","ABSORB-0929","CAP-GRAPHITI","Temporal knowledge projection and supersession","HISTORICAL_CANDIDATE_REQUIRES_CURRENT_LICENSE_RUNTIME_EVIDENCE","CANDIDATE_REVIEW","NO_CURRENT_EXECUTION","","docs/current/R6-STATE.json"
"ABSORB-0929:CAP-MEMOS","ABSORB-0929","CAP-MEMOS","Machine experience memory and skill crystallization","HISTORICAL_CANDIDATE_REQUIRES_CURRENT_LICENSE_RUNTIME_EVIDENCE","CANDIDATE_REVIEW","NO_CURRENT_EXECUTION","","docs/current/R6-STATE.json"
"ABSORB-0929:CAP-WEKNORA","ABSORB-0929","CAP-WEKNORA","Knowledge workspace editing, revision, diff, and rollback UX","HISTORICAL_CANDIDATE_REQUIRES_CURRENT_LICENSE_RUNTIME_EVIDENCE","CANDIDATE_REVIEW","NO_CURRENT_EXECUTION","","docs/current/R6-STATE.json"
"ABSORB-0929:CAP-COGNEE","ABSORB-0929","CAP-COGNEE","Graph, memory, and ontology benchmark reference","HISTORICAL_CANDIDATE_REQUIRES_CURRENT_LICENSE_RUNTIME_EVIDENCE","CANDIDATE_REVIEW","NO_CURRENT_EXECUTION","","docs/current/R6-STATE.json"
"R6-LIVE-LEDGER:A00","R6-LIVE-LEDGER","A00","Authority Reset","TESTED_LOCAL","BACKEND_FRONTEND_LOOP","OPEN_OR_RECHECK_WITH_REAL_EVIDENCE","","docs/current/R6-STATE.json"
"R6-LIVE-LEDGER:A01","R6-LIVE-LEDGER","A01","Version and Release Freeze","TESTED_LOCAL","BACKEND_FRONTEND_LOOP","OPEN_OR_RECHECK_WITH_REAL_EVIDENCE","","docs/current/R6-STATE.json"
"R6-LIVE-LEDGER:A02","R6-LIVE-LEDGER","A02","Resource Path Environment Authority","BLOCKED_BY_OWNER_DECISION","OWNER_GATE","AWAIT_OWNER_DECISION","","docs/current/R6-STATE.json"
"R6-LIVE-LEDGER:A03","R6-LIVE-LEDGER","A03","Capability Absorption Registry","TESTED_LOCAL","BACKEND_FRONTEND_LOOP","OPEN_OR_RECHECK_WITH_REAL_EVIDENCE","","docs/current/R6-STATE.json"
"R6-LIVE-LEDGER:A04","R6-LIVE-LEDGER","A04","Knowledge Source Model V3","TESTED_LOCAL_PARTIAL","BACKEND_FRONTEND_LOOP","OPEN_OR_RECHECK_WITH_REAL_EVIDENCE","","docs/current/R6-STATE.json"
"R6-LIVE-LEDGER:A05","R6-LIVE-LEDGER","A05","Multiformat Pipeline","TESTED_LOCAL_PARTIAL","BACKEND_FRONTEND_LOOP","OPEN_OR_RECHECK_WITH_REAL_EVIDENCE","","docs/current/R6-STATE.json"
"R6-LIVE-LEDGER:A06","R6-LIVE-LEDGER","A06","Retrieval Graph Research","TESTED_LOCAL_PARTIAL","BACKEND_FRONTEND_LOOP","OPEN_OR_RECHECK_WITH_REAL_EVIDENCE","","docs/current/R6-STATE.json"
"R6-LIVE-LEDGER:A07","R6-LIVE-LEDGER","A07","Machine Memory Growth","TESTED_LOCAL_PARTIAL","BACKEND_FRONTEND_LOOP","OPEN_OR_RECHECK_WITH_REAL_EVIDENCE","","docs/current/R6-STATE.json"
"R6-LIVE-LEDGER:A08","R6-LIVE-LEDGER","A08","Human Learning Kernel","TESTED_LOCAL_PARTIAL","BACKEND_FRONTEND_LOOP","OPEN_OR_RECHECK_WITH_REAL_EVIDENCE","","docs/current/R6-STATE.json"
"R6-LIVE-LEDGER:A09","R6-LIVE-LEDGER","A09","Domain Learning Packs","TESTED_LOCAL_PARTIAL","BACKEND_FRONTEND_LOOP","OPEN_OR_RECHECK_WITH_REAL_EVIDENCE","","docs/current/R6-STATE.json"
"R6-LIVE-LEDGER:A10","R6-LIVE-LEDGER","A10","Courseware Learning Artifacts","TESTED_LOCAL_PARTIAL","BACKEND_FRONTEND_LOOP","OPEN_OR_RECHECK_WITH_REAL_EVIDENCE","","docs/current/R6-STATE.json"
"R6-LIVE-LEDGER:A11","R6-LIVE-LEDGER","A11","Local Model Pool","TESTED_LOCAL_PARTIAL","BACKEND_FRONTEND_LOOP","OPEN_OR_RECHECK_WITH_REAL_EVIDENCE","","docs/current/R6-STATE.json"
"R6-LIVE-LEDGER:A12","R6-LIVE-LEDGER","A12","Avalonia Product Shell","TESTED_LOCAL_PARTIAL","UI_FRONTEND","OPEN_OR_RECHECK_WITH_REAL_EVIDENCE","","docs/current/R6-STATE.json"
"R6-LIVE-LEDGER:A13","R6-LIVE-LEDGER","A13","Legacy Migration Local Green","TESTED_LOCAL_PARTIAL","BACKEND_FRONTEND_LOOP","OPEN_OR_RECHECK_WITH_REAL_EVIDENCE","","docs/current/R6-STATE.json"
"R6-LIVE-LEDGER:A14","R6-LIVE-LEDGER","A14","Full Human Machine Closed Loop","TESTED_LOCAL_PARTIAL","BACKEND_FRONTEND_LOOP","OPEN_OR_RECHECK_WITH_REAL_EVIDENCE","","docs/current/R6-STATE.json"
"R6-LIVE-LEDGER:A15","R6-LIVE-LEDGER","A15","Independent Audit","TESTED_LOCAL_PARTIAL","BACKEND_FRONTEND_LOOP","OPEN_OR_RECHECK_WITH_REAL_EVIDENCE","","docs/current/R6-STATE.json"
"R6-LIVE-LEDGER:A16","R6-LIVE-LEDGER","A16","Owner Gate","BLOCKED_BY_OWNER_DECISION","OWNER_GATE","AWAIT_OWNER_DECISION","","docs/current/R6-STATE.json"
"M0-OVERLAY:P0","M0-OVERLAY","P0","Authority + Plugin Kernel","PARTIAL_OR_BLOCKED","BACKEND_FRONTEND_LOOP","OPEN_OR_RECHECK_WITH_REAL_EVIDENCE","","docs/current/M0-DIRECTION-OVERRIDE-20260920.md|docs/current/R6-STATE.json"
"M0-OVERLAY:P1","M0-OVERLAY","P1","Source + Format + Knowledge","PARTIAL_OR_BLOCKED","BACKEND_FRONTEND_LOOP","OPEN_OR_RECHECK_WITH_REAL_EVIDENCE","","docs/current/M0-DIRECTION-OVERRIDE-20260920.md|docs/current/R6-STATE.json"
"M0-OVERLAY:P2","M0-OVERLAY","P2","Search + Learning Plan + Course","PARTIAL_OR_BLOCKED","BACKEND_FRONTEND_LOOP","OPEN_OR_RECHECK_WITH_REAL_EVIDENCE","","docs/current/M0-DIRECTION-OVERRIDE-20260920.md|docs/current/R6-STATE.json"
"M0-OVERLAY:P3","M0-OVERLAY","P3","Human Learning","PARTIAL_OR_BLOCKED","BACKEND_FRONTEND_LOOP","OPEN_OR_RECHECK_WITH_REAL_EVIDENCE","","docs/current/M0-DIRECTION-OVERRIDE-20260920.md|docs/current/R6-STATE.json"
"M0-OVERLAY:P4","M0-OVERLAY","P4","Machine Loop","PARTIAL_OR_BLOCKED","BACKEND_FRONTEND_LOOP","OPEN_OR_RECHECK_WITH_REAL_EVIDENCE","","docs/current/M0-DIRECTION-OVERRIDE-20260920.md|docs/current/R6-STATE.json"
"M0-OVERLAY:P5","M0-OVERLAY","P5","Persistence + Migration","PARTIAL_OR_BLOCKED","BACKEND_FRONTEND_LOOP","OPEN_OR_RECHECK_WITH_REAL_EVIDENCE","","docs/current/M0-DIRECTION-OVERRIDE-20260920.md|docs/current/R6-STATE.json"
"M0-OVERLAY:P6","M0-OVERLAY","P6","Local Green","PARTIAL_OR_BLOCKED","BACKEND_FRONTEND_LOOP","OPEN_OR_RECHECK_WITH_REAL_EVIDENCE","","docs/current/M0-DIRECTION-OVERRIDE-20260920.md|docs/current/R6-STATE.json"
"SCI-0929:SCI-01","SCI-0929","SCI-01","Asta Scientific Corpus / Agent","DEFERRED_CANDIDATE_NOT_CURRENT_M0","DEFERRED_BLUEPRINT","NO_CURRENT_EXECUTION","CAP-0030 / CAP-0090 / CAP-0150","docs/current/M0-DIRECTION-OVERRIDE-20260920.md"
"SCI-0929:SCI-02","SCI-0929","SCI-02","PaperQA2","DEFERRED_CANDIDATE_NOT_CURRENT_M0","DEFERRED_BLUEPRINT","NO_CURRENT_EXECUTION","CAP-0030 / CAP-0110","docs/current/M0-DIRECTION-OVERRIDE-20260920.md"
"SCI-0929:SCI-03","SCI-0929","SCI-03","Intern-S2 / 书生·端砚","DEFERRED_CANDIDATE_NOT_CURRENT_M0","DEFERRED_BLUEPRINT","NO_CURRENT_EXECUTION","CAP-0150 / CAP-0090","docs/current/M0-DIRECTION-OVERRIDE-20260920.md"
"SCI-0929:SCI-04","SCI-0929","SCI-04","AstaBench / scientific eval","DEFERRED_CANDIDATE_NOT_CURRENT_M0","DEFERRED_BLUEPRINT","NO_CURRENT_EXECUTION","A06/A11/A14 + Evaluation","docs/current/M0-DIRECTION-OVERRIDE-20260920.md"
"SCI-0929:SCI-05","SCI-0929","SCI-05","OpenScholar / ScholarQA","DEFERRED_CANDIDATE_NOT_CURRENT_M0","DEFERRED_BLUEPRINT","NO_CURRENT_EXECUTION","CAP-0030 / CAP-0090","docs/current/M0-DIRECTION-OVERRIDE-20260920.md"
"R1-0906:T00","R1-0906","T00","锁定本轮决策、现场与基线","HISTORICAL_TRACE_ONLY_REASSESS_VIA_R6_M0","HISTORY_TRACE_ONLY","NO_CURRENT_EXECUTION","","docs/authority/taskpack-0906/TASKS.json|DECISION_SUPERSESSION_LEDGER.yaml"
"R1-0906:T01","R1-0906","T01","可复现构建与最小必需CI","HISTORICAL_TRACE_ONLY_REASSESS_VIA_R6_M0","HISTORY_TRACE_ONLY","NO_CURRENT_EXECUTION","","docs/authority/taskpack-0906/TASKS.json|DECISION_SUPERSESSION_LEDGER.yaml"
"R1-0906:T02","R1-0906","T02","冻结最小跨语言协议","HISTORICAL_TRACE_ONLY_REASSESS_VIA_R6_M0","HISTORY_TRACE_ONLY","NO_CURRENT_EXECUTION","","docs/authority/taskpack-0906/TASKS.json|DECISION_SUPERSESSION_LEDGER.yaml"
"R1-0906:T17","R1-0906","T17","旧版资产全量盘点与复用缺陷前置","HISTORICAL_TRACE_ONLY_REASSESS_VIA_R6_M0","HISTORY_TRACE_ONLY","NO_CURRENT_EXECUTION","","docs/authority/taskpack-0906/TASKS.json|DECISION_SUPERSESSION_LEDGER.yaml"
"R1-0906:T03","R1-0906","T03","Rust存储、原件与可恢复事务","HISTORICAL_TRACE_ONLY_REASSESS_VIA_R6_M0","HISTORY_TRACE_ONLY","NO_CURRENT_EXECUTION","","docs/authority/taskpack-0906/TASKS.json|DECISION_SUPERSESSION_LEDGER.yaml"
"R1-0906:T04","R1-0906","T04","任务执行器、模型能力与Supervisor","HISTORICAL_TRACE_ONLY_REASSESS_VIA_R6_M0","HISTORY_TRACE_ONLY","NO_CURRENT_EXECUTION","","docs/authority/taskpack-0906/TASKS.json|DECISION_SUPERSESSION_LEDGER.yaml"
"R1-0906:T05","R1-0906","T05","网页与文档转换能力包","HISTORICAL_TRACE_ONLY_REASSESS_VIA_R6_M0","HISTORY_TRACE_ONLY","NO_CURRENT_EXECUTION","","docs/authority/taskpack-0906/TASKS.json|DECISION_SUPERSESSION_LEDGER.yaml"
"R1-0906:T06","R1-0906","T06","截图、视觉与音视频能力包","HISTORICAL_TRACE_ONLY_REASSESS_VIA_R6_M0","HISTORY_TRACE_ONLY","NO_CURRENT_EXECUTION","","docs/authority/taskpack-0906/TASKS.json|DECISION_SUPERSESSION_LEDGER.yaml"
"R1-0906:T07","R1-0906","T07","质量评测、差异复核与模型定型","HISTORICAL_TRACE_ONLY_REASSESS_VIA_R6_M0","HISTORY_TRACE_ONLY","NO_CURRENT_EXECUTION","","docs/authority/taskpack-0906/TASKS.json|DECISION_SUPERSESSION_LEDGER.yaml"
"R1-0906:T08","R1-0906","T08","云端模型联网交叉核查","HISTORICAL_TRACE_ONLY_REASSESS_VIA_R6_M0","HISTORY_TRACE_ONLY","NO_CURRENT_EXECUTION","","docs/authority/taskpack-0906/TASKS.json|DECISION_SUPERSESSION_LEDGER.yaml"
"R1-0906:T09","R1-0906","T09","知识版本、复核、检索与调用政策","HISTORICAL_TRACE_ONLY_REASSESS_VIA_R6_M0","HISTORY_TRACE_ONLY","NO_CURRENT_EXECUTION","","docs/authority/taskpack-0906/TASKS.json|DECISION_SUPERSESSION_LEDGER.yaml"
"R1-0906:T10","R1-0906","T10","人类侧学习全流程","HISTORICAL_TRACE_ONLY_REASSESS_VIA_R6_M0","HISTORY_TRACE_ONLY","NO_CURRENT_EXECUTION","","docs/authority/taskpack-0906/TASKS.json|DECISION_SUPERSESSION_LEDGER.yaml"
"R1-0906:T11","R1-0906","T11","机器侧HTTP/MCP调用与反馈学习","HISTORICAL_TRACE_ONLY_REASSESS_VIA_R6_M0","HISTORY_TRACE_ONLY","NO_CURRENT_EXECUTION","","docs/authority/taskpack-0906/TASKS.json|DECISION_SUPERSESSION_LEDGER.yaml"
"R1-0906:T12","R1-0906","T12","Avalonia完整工作台","HISTORICAL_TRACE_ONLY_REASSESS_VIA_R6_M0","HISTORY_TRACE_ONLY","NO_CURRENT_EXECUTION","","docs/authority/taskpack-0906/TASKS.json|DECISION_SUPERSESSION_LEDGER.yaml"
"R1-0906:T13","R1-0906","T13","旧能力全面吸收与非空数据迁移验证","HISTORICAL_TRACE_ONLY_REASSESS_VIA_R6_M0","HISTORY_TRACE_ONLY","NO_CURRENT_EXECUTION","","docs/authority/taskpack-0906/TASKS.json|DECISION_SUPERSESSION_LEDGER.yaml"
"R1-0906:T14","R1-0906","T14","全仓规范化收尾","HISTORICAL_TRACE_ONLY_REASSESS_VIA_R6_M0","HISTORY_TRACE_ONLY","NO_CURRENT_EXECUTION","","docs/authority/taskpack-0906/TASKS.json|DECISION_SUPERSESSION_LEDGER.yaml"
"R1-0906:T15","R1-0906","T15","Windows集成、全格式与双侧资格验收","HISTORICAL_TRACE_ONLY_REASSESS_VIA_R6_M0","HISTORY_TRACE_ONLY","NO_CURRENT_EXECUTION","","docs/authority/taskpack-0906/TASKS.json|DECISION_SUPERSESSION_LEDGER.yaml"
"R1-0906:T16","R1-0906","T16","可交付打包与可回滚使用版","HISTORICAL_TRACE_ONLY_REASSESS_VIA_R6_M0","HISTORY_TRACE_ONLY","NO_CURRENT_EXECUTION","","docs/authority/taskpack-0906/TASKS.json|DECISION_SUPERSESSION_LEDGER.yaml"
"R1-0906:T18","R1-0906","T18","GPT与图像模型驱动的前端全面升级","HISTORICAL_TRACE_ONLY_REASSESS_VIA_R6_M0","HISTORY_TRACE_ONLY","NO_CURRENT_EXECUTION","","docs/authority/taskpack-0906/TASKS.json|DECISION_SUPERSESSION_LEDGER.yaml"
"R1-0906:T19","R1-0906","T19","统一运行根、Agent入口与实际目录边界","HISTORICAL_TRACE_ONLY_REASSESS_VIA_R6_M0","HISTORY_TRACE_ONLY","NO_CURRENT_EXECUTION","","docs/authority/taskpack-0906/TASKS.json|DECISION_SUPERSESSION_LEDGER.yaml"
"R1-0906:T20","R1-0906","T20","体积重计、历史资产保全和分批瘦身","HISTORICAL_TRACE_ONLY_REASSESS_VIA_R6_M0","HISTORY_TRACE_ONLY","NO_CURRENT_EXECUTION","","docs/authority/taskpack-0906/TASKS.json|DECISION_SUPERSESSION_LEDGER.yaml"
"R2-0907:X00","R2-0907","X00","基线、冲突裁决与唯一任务入口","HISTORICAL_TRACE_ONLY_REASSESS_VIA_R6_M0","HISTORY_TRACE_ONLY","NO_CURRENT_EXECUTION","","docs/authority/taskpack-0907/TASKS.json|DECISION_SUPERSESSION_LEDGER.yaml"
"R2-0907:X01","R2-0907","X01","运行路径止增、浏览器失败与关键 CI","HISTORICAL_TRACE_ONLY_REASSESS_VIA_R6_M0","HISTORY_TRACE_ONLY","NO_CURRENT_EXECUTION","","docs/authority/taskpack-0907/TASKS.json|DECISION_SUPERSESSION_LEDGER.yaml"
"R2-0907:X02","R2-0907","X02","旧资产保全与当前能力的语义复用","HISTORICAL_TRACE_ONLY_REASSESS_VIA_R6_M0","HISTORY_TRACE_ONLY","NO_CURRENT_EXECUTION","","docs/authority/taskpack-0907/TASKS.json|DECISION_SUPERSESSION_LEDGER.yaml"
"R2-0907:X03","R2-0907","X03","现成学习工作台资格与默认入口","HISTORICAL_TRACE_ONLY_REASSESS_VIA_R6_M0","HISTORY_TRACE_ONLY","NO_CURRENT_EXECUTION","","docs/authority/taskpack-0907/TASKS.json|DECISION_SUPERSESSION_LEDGER.yaml"
"R2-0907:X04","R2-0907","X04","跨语言真实契约及身份语义","HISTORICAL_TRACE_ONLY_REASSESS_VIA_R6_M0","HISTORY_TRACE_ONLY","NO_CURRENT_EXECUTION","","docs/authority/taskpack-0907/TASKS.json|DECISION_SUPERSESSION_LEDGER.yaml"
"R2-0907:X05","R2-0907","X05","Rust原件、事务、作业与恢复底座","HISTORICAL_TRACE_ONLY_REASSESS_VIA_R6_M0","HISTORY_TRACE_ONLY","NO_CURRENT_EXECUTION","","docs/authority/taskpack-0907/TASKS.json|DECISION_SUPERSESSION_LEDGER.yaml"
"R2-0907:X06","R2-0907","X06","复用workers贯通首批真实格式","HISTORICAL_TRACE_ONLY_REASSESS_VIA_R6_M0","HISTORY_TRACE_ONLY","NO_CURRENT_EXECUTION","","docs/authority/taskpack-0907/TASKS.json|DECISION_SUPERSESSION_LEDGER.yaml"
"R2-0907:X07","R2-0907","X07","质量、公开核查、知识修订和搜索","HISTORICAL_TRACE_ONLY_REASSESS_VIA_R6_M0","HISTORY_TRACE_ONLY","NO_CURRENT_EXECUTION","","docs/authority/taskpack-0907/TASKS.json|DECISION_SUPERSESSION_LEDGER.yaml"
"R2-0907:X08","R2-0907","X08","人类学习侧复用与事件回收","HISTORICAL_TRACE_ONLY_REASSESS_VIA_R6_M0","HISTORY_TRACE_ONLY","NO_CURRENT_EXECUTION","","docs/authority/taskpack-0907/TASKS.json|DECISION_SUPERSESSION_LEDGER.yaml"
"R2-0907:X09","R2-0907","X09","机器知识、真实调用、评测与反馈","HISTORICAL_TRACE_ONLY_REASSESS_VIA_R6_M0","HISTORY_TRACE_ONLY","NO_CURRENT_EXECUTION","","docs/authority/taskpack-0907/TASKS.json|DECISION_SUPERSESSION_LEDGER.yaml"
"R2-0907:X10","R2-0907","X10","旧库非空迁移与无损差分","HISTORICAL_TRACE_ONLY_REASSESS_VIA_R6_M0","HISTORY_TRACE_ONLY","NO_CURRENT_EXECUTION","","docs/authority/taskpack-0907/TASKS.json|DECISION_SUPERSESSION_LEDGER.yaml"
"R2-0907:X11","R2-0907","X11","Windows人机闭环候选与可用包","HISTORICAL_TRACE_ONLY_REASSESS_VIA_R6_M0","HISTORY_TRACE_ONLY","NO_CURRENT_EXECUTION","","docs/authority/taskpack-0907/TASKS.json|DECISION_SUPERSESSION_LEDGER.yaml"
"R2-0907:Q00","R2-0907","Q00","独立GPT审计M0","HISTORICAL_TRACE_ONLY_REASSESS_VIA_R6_M0","HISTORY_TRACE_ONLY","NO_CURRENT_EXECUTION","","docs/authority/taskpack-0907/TASKS.json|DECISION_SUPERSESSION_LEDGER.yaml"
"R2-0907:X12","R2-0907","X12","多格式完整覆盖与学科活动","HISTORICAL_TRACE_ONLY_REASSESS_VIA_R6_M0","HISTORY_TRACE_ONLY","NO_CURRENT_EXECUTION","","docs/authority/taskpack-0907/TASKS.json|DECISION_SUPERSESSION_LEDGER.yaml"
"R2-0907:X13","R2-0907","X13","全仓规范化与必要交付体验收口","HISTORICAL_TRACE_ONLY_REASSESS_VIA_R6_M0","HISTORY_TRACE_ONLY","NO_CURRENT_EXECUTION","","docs/authority/taskpack-0907/TASKS.json|DECISION_SUPERSESSION_LEDGER.yaml"
"R2-0907:X14","R2-0907","X14","本地50多GB保全清理与容量止增","HISTORICAL_TRACE_ONLY_REASSESS_VIA_R6_M0","HISTORY_TRACE_ONLY","NO_CURRENT_EXECUTION","","docs/authority/taskpack-0907/TASKS.json|DECISION_SUPERSESSION_LEDGER.yaml"
"R2-0907:Q01","R2-0907","Q01","独立GPT审计M1及清理结果","HISTORICAL_TRACE_ONLY_REASSESS_VIA_R6_M0","HISTORY_TRACE_ONLY","NO_CURRENT_EXECUTION","","docs/authority/taskpack-0907/TASKS.json|DECISION_SUPERSESSION_LEDGER.yaml"
"R2-0907:F01","R2-0907","F01","视觉教学、动画与交互仿真","HISTORICAL_TRACE_ONLY_REASSESS_VIA_R6_M0","HISTORY_TRACE_ONLY","NO_CURRENT_EXECUTION","","docs/authority/taskpack-0907/TASKS.json|DECISION_SUPERSESSION_LEDGER.yaml"
"R2-0907:F02","R2-0907","F02","大型知识宫殿与2D/2.5D/3D/VR/AR","HISTORICAL_TRACE_ONLY_REASSESS_VIA_R6_M0","HISTORY_TRACE_ONLY","NO_CURRENT_EXECUTION","","docs/authority/taskpack-0907/TASKS.json|DECISION_SUPERSESSION_LEDGER.yaml"
"R2-0907:F03","R2-0907","F03","完整人机学习、经验迁移和可选微调","HISTORICAL_TRACE_ONLY_REASSESS_VIA_R6_M0","HISTORY_TRACE_ONLY","NO_CURRENT_EXECUTION","","docs/authority/taskpack-0907/TASKS.json|DECISION_SUPERSESSION_LEDGER.yaml"
"R2-0907:F04","R2-0907","F04","多端同步、SDK、扩展和可选协作","HISTORICAL_TRACE_ONLY_REASSESS_VIA_R6_M0","HISTORY_TRACE_ONLY","NO_CURRENT_EXECUTION","","docs/authority/taskpack-0907/TASKS.json|DECISION_SUPERSESSION_LEDGER.yaml"
"R2-0907:F05","R2-0907","F05","研究课程项目工作空间与图谱纵深","HISTORICAL_TRACE_ONLY_REASSESS_VIA_R6_M0","HISTORY_TRACE_ONLY","NO_CURRENT_EXECUTION","","docs/authority/taskpack-0907/TASKS.json|DECISION_SUPERSESSION_LEDGER.yaml"
"R2-0907:F06","R2-0907","F06","吸收失败后的必要独立实现","HISTORICAL_TRACE_ONLY_REASSESS_VIA_R6_M0","HISTORY_TRACE_ONLY","NO_CURRENT_EXECUTION","","docs/authority/taskpack-0907/TASKS.json|DECISION_SUPERSESSION_LEDGER.yaml"
"R3-0908:X00","R3-0908","X00","基线、冲突裁决与唯一任务入口","HISTORICAL_TRACE_ONLY_REASSESS_VIA_R6_M0","HISTORY_TRACE_ONLY","NO_CURRENT_EXECUTION","","docs/authority/taskpack-0908-r3/TASKS.json|DECISION_SUPERSESSION_LEDGER.yaml"
"R3-0908:X01","R3-0908","X01","运行路径止增、浏览器失败与关键 CI","HISTORICAL_TRACE_ONLY_REASSESS_VIA_R6_M0","HISTORY_TRACE_ONLY","NO_CURRENT_EXECUTION","","docs/authority/taskpack-0908-r3/TASKS.json|DECISION_SUPERSESSION_LEDGER.yaml"
"R3-0908:X02","R3-0908","X02","旧资产保全与当前能力的语义复用","HISTORICAL_TRACE_ONLY_REASSESS_VIA_R6_M0","HISTORY_TRACE_ONLY","NO_CURRENT_EXECUTION","","docs/authority/taskpack-0908-r3/TASKS.json|DECISION_SUPERSESSION_LEDGER.yaml"
"R3-0908:X03","R3-0908","X03","现成学习工作台资格与默认入口","HISTORICAL_TRACE_ONLY_REASSESS_VIA_R6_M0","HISTORY_TRACE_ONLY","NO_CURRENT_EXECUTION","","docs/authority/taskpack-0908-r3/TASKS.json|DECISION_SUPERSESSION_LEDGER.yaml"
"R3-0908:X04","R3-0908","X04","跨语言真实契约及身份语义","HISTORICAL_TRACE_ONLY_REASSESS_VIA_R6_M0","HISTORY_TRACE_ONLY","NO_CURRENT_EXECUTION","","docs/authority/taskpack-0908-r3/TASKS.json|DECISION_SUPERSESSION_LEDGER.yaml"
"R3-0908:X05","R3-0908","X05","Rust原件、事务、作业与恢复底座","HISTORICAL_TRACE_ONLY_REASSESS_VIA_R6_M0","HISTORY_TRACE_ONLY","NO_CURRENT_EXECUTION","","docs/authority/taskpack-0908-r3/TASKS.json|DECISION_SUPERSESSION_LEDGER.yaml"
"R3-0908:X06","R3-0908","X06","复用workers贯通首批真实格式","HISTORICAL_TRACE_ONLY_REASSESS_VIA_R6_M0","HISTORY_TRACE_ONLY","NO_CURRENT_EXECUTION","","docs/authority/taskpack-0908-r3/TASKS.json|DECISION_SUPERSESSION_LEDGER.yaml"
"R3-0908:X07","R3-0908","X07","质量、公开核查、知识修订和搜索","HISTORICAL_TRACE_ONLY_REASSESS_VIA_R6_M0","HISTORY_TRACE_ONLY","NO_CURRENT_EXECUTION","","docs/authority/taskpack-0908-r3/TASKS.json|DECISION_SUPERSESSION_LEDGER.yaml"
"R3-0908:X08","R3-0908","X08","人类学习侧复用与事件回收","HISTORICAL_TRACE_ONLY_REASSESS_VIA_R6_M0","HISTORY_TRACE_ONLY","NO_CURRENT_EXECUTION","","docs/authority/taskpack-0908-r3/TASKS.json|DECISION_SUPERSESSION_LEDGER.yaml"
"R3-0908:X09","R3-0908","X09","机器知识、真实调用、评测与反馈","HISTORICAL_TRACE_ONLY_REASSESS_VIA_R6_M0","HISTORY_TRACE_ONLY","NO_CURRENT_EXECUTION","","docs/authority/taskpack-0908-r3/TASKS.json|DECISION_SUPERSESSION_LEDGER.yaml"
"R3-0908:X10","R3-0908","X10","旧库非空迁移与无损差分","HISTORICAL_TRACE_ONLY_REASSESS_VIA_R6_M0","HISTORY_TRACE_ONLY","NO_CURRENT_EXECUTION","","docs/authority/taskpack-0908-r3/TASKS.json|DECISION_SUPERSESSION_LEDGER.yaml"
"R3-0908:X11","R3-0908","X11","Windows人机闭环候选与可用包","HISTORICAL_TRACE_ONLY_REASSESS_VIA_R6_M0","HISTORY_TRACE_ONLY","NO_CURRENT_EXECUTION","","docs/authority/taskpack-0908-r3/TASKS.json|DECISION_SUPERSESSION_LEDGER.yaml"
"R3-0908:Q00","R3-0908","Q00","独立GPT审计M0","HISTORICAL_TRACE_ONLY_REASSESS_VIA_R6_M0","HISTORY_TRACE_ONLY","NO_CURRENT_EXECUTION","","docs/authority/taskpack-0908-r3/TASKS.json|DECISION_SUPERSESSION_LEDGER.yaml"
"R3-0908:X12","R3-0908","X12","多格式完整覆盖与学科活动","HISTORICAL_TRACE_ONLY_REASSESS_VIA_R6_M0","HISTORY_TRACE_ONLY","NO_CURRENT_EXECUTION","","docs/authority/taskpack-0908-r3/TASKS.json|DECISION_SUPERSESSION_LEDGER.yaml"
"R3-0908:X13","R3-0908","X13","全仓规范化与必要交付体验收口","HISTORICAL_TRACE_ONLY_REASSESS_VIA_R6_M0","HISTORY_TRACE_ONLY","NO_CURRENT_EXECUTION","","docs/authority/taskpack-0908-r3/TASKS.json|DECISION_SUPERSESSION_LEDGER.yaml"
"R3-0908:X14","R3-0908","X14","本地50多GB保全清理与容量止增","HISTORICAL_TRACE_ONLY_REASSESS_VIA_R6_M0","HISTORY_TRACE_ONLY","NO_CURRENT_EXECUTION","","docs/authority/taskpack-0908-r3/TASKS.json|DECISION_SUPERSESSION_LEDGER.yaml"
"R3-0908:Q01","R3-0908","Q01","独立GPT审计M1及清理结果","HISTORICAL_TRACE_ONLY_REASSESS_VIA_R6_M0","HISTORY_TRACE_ONLY","NO_CURRENT_EXECUTION","","docs/authority/taskpack-0908-r3/TASKS.json|DECISION_SUPERSESSION_LEDGER.yaml"
"R3-0908:F01","R3-0908","F01","视觉教学、动画与交互仿真","HISTORICAL_TRACE_ONLY_REASSESS_VIA_R6_M0","HISTORY_TRACE_ONLY","NO_CURRENT_EXECUTION","","docs/authority/taskpack-0908-r3/TASKS.json|DECISION_SUPERSESSION_LEDGER.yaml"
"R3-0908:F02","R3-0908","F02","大型知识宫殿与2D/2.5D/3D/VR/AR","HISTORICAL_TRACE_ONLY_REASSESS_VIA_R6_M0","HISTORY_TRACE_ONLY","NO_CURRENT_EXECUTION","","docs/authority/taskpack-0908-r3/TASKS.json|DECISION_SUPERSESSION_LEDGER.yaml"
"R3-0908:F03","R3-0908","F03","完整人机学习、经验迁移和可选微调","HISTORICAL_TRACE_ONLY_REASSESS_VIA_R6_M0","HISTORY_TRACE_ONLY","NO_CURRENT_EXECUTION","","docs/authority/taskpack-0908-r3/TASKS.json|DECISION_SUPERSESSION_LEDGER.yaml"
"R3-0908:F04","R3-0908","F04","多端同步、SDK、扩展和可选协作","HISTORICAL_TRACE_ONLY_REASSESS_VIA_R6_M0","HISTORY_TRACE_ONLY","NO_CURRENT_EXECUTION","","docs/authority/taskpack-0908-r3/TASKS.json|DECISION_SUPERSESSION_LEDGER.yaml"
"R3-0908:F05","R3-0908","F05","研究课程项目工作空间与图谱纵深","HISTORICAL_TRACE_ONLY_REASSESS_VIA_R6_M0","HISTORY_TRACE_ONLY","NO_CURRENT_EXECUTION","","docs/authority/taskpack-0908-r3/TASKS.json|DECISION_SUPERSESSION_LEDGER.yaml"
"R3-0908:F06","R3-0908","F06","吸收失败后的必要独立实现","HISTORICAL_TRACE_ONLY_REASSESS_VIA_R6_M0","HISTORY_TRACE_ONLY","NO_CURRENT_EXECUTION","","docs/authority/taskpack-0908-r3/TASKS.json|DECISION_SUPERSESSION_LEDGER.yaml"
"R3-0910:R00","R3-0910","R00","锁定实际基线与唯一执行入口","HISTORICAL_TRACE_ONLY_REASSESS_VIA_R6_M0","HISTORY_TRACE_ONLY","NO_CURRENT_EXECUTION","X00|X13","docs/authority/taskpack-0910-r3/TASKS.json|DECISION_SUPERSESSION_LEDGER.yaml"
"R3-0910:R01","R3-0910","R01","目录止增与全范围容量基线","HISTORICAL_TRACE_ONLY_REASSESS_VIA_R6_M0","HISTORY_TRACE_ONLY","NO_CURRENT_EXECUTION","X01|X14","docs/authority/taskpack-0910-r3/TASKS.json|DECISION_SUPERSESSION_LEDGER.yaml"
"R3-0910:R02","R3-0910","R02","知识正文不可变与修订","HISTORICAL_TRACE_ONLY_REASSESS_VIA_R6_M0","HISTORY_TRACE_ONLY","NO_CURRENT_EXECUTION","X05|X07","docs/authority/taskpack-0910-r3/TASKS.json|DECISION_SUPERSESSION_LEDGER.yaml"
"R3-0910:R03","R3-0910","R03","旧v3归档向后兼容","HISTORICAL_TRACE_ONLY_REASSESS_VIA_R6_M0","HISTORY_TRACE_ONLY","NO_CURRENT_EXECUTION","X05|X10","docs/authority/taskpack-0910-r3/TASKS.json|DECISION_SUPERSESSION_LEDGER.yaml"
"R3-0910:R04","R3-0910","R04","宿主身份与凭据隔离","HISTORICAL_TRACE_ONLY_REASSESS_VIA_R6_M0","HISTORY_TRACE_ONLY","NO_CURRENT_EXECUTION","X04","docs/authority/taskpack-0910-r3/TASKS.json|DECISION_SUPERSESSION_LEDGER.yaml"
"R3-0910:R05","R3-0910","R05","学习事件幂等与FSRS接线","HISTORICAL_TRACE_ONLY_REASSESS_VIA_R6_M0","HISTORY_TRACE_ONLY","NO_CURRENT_EXECUTION","X08","docs/authority/taskpack-0910-r3/TASKS.json|DECISION_SUPERSESSION_LEDGER.yaml"
"R3-0910:R06","R3-0910","R06","公开核查结果与云端交叉核查","HISTORICAL_TRACE_ONLY_REASSESS_VIA_R6_M0","HISTORY_TRACE_ONLY","NO_CURRENT_EXECUTION","X07","docs/authority/taskpack-0910-r3/TASKS.json|DECISION_SUPERSESSION_LEDGER.yaml"
"R3-0910:R07","R3-0910","R07","旧资产非空迁移收口","HISTORICAL_TRACE_ONLY_REASSESS_VIA_R6_M0","HISTORY_TRACE_ONLY","NO_CURRENT_EXECUTION","X02|X10","docs/authority/taskpack-0910-r3/TASKS.json|DECISION_SUPERSESSION_LEDGER.yaml"
"R3-0910:R08","R3-0910","R08","统一转换管线与质量展示","HISTORICAL_TRACE_ONLY_REASSESS_VIA_R6_M0","HISTORY_TRACE_ONLY","NO_CURRENT_EXECUTION","X06|X07","docs/authority/taskpack-0910-r3/TASKS.json|DECISION_SUPERSESSION_LEDGER.yaml"
"R3-0910:R09","R3-0910","R09","原文双向导航与下游失效","HISTORICAL_TRACE_ONLY_REASSESS_VIA_R6_M0","HISTORY_TRACE_ONLY","NO_CURRENT_EXECUTION","X07|X08|X09","docs/authority/taskpack-0910-r3/TASKS.json|DECISION_SUPERSESSION_LEDGER.yaml"
"R3-0910:R10","R3-0910","R10","DeepTutor—Core与人类学习可用入口","HISTORICAL_TRACE_ONLY_REASSESS_VIA_R6_M0","HISTORY_TRACE_ONLY","NO_CURRENT_EXECUTION","X03|X08|X11","docs/authority/taskpack-0910-r3/TASKS.json|DECISION_SUPERSESSION_LEDGER.yaml"
"R3-0910:R11","R3-0910","R11","真实机器学习与双向反馈闭环","HISTORICAL_TRACE_ONLY_REASSESS_VIA_R6_M0","HISTORY_TRACE_ONLY","NO_CURRENT_EXECUTION","X09|X11","docs/authority/taskpack-0910-r3/TASKS.json|DECISION_SUPERSESSION_LEDGER.yaml"
"R3-0910:R12","R3-0910","R12","安全清理与终态容量证明","HISTORICAL_TRACE_ONLY_REASSESS_VIA_R6_M0","HISTORY_TRACE_ONLY","NO_CURRENT_EXECUTION","X14","docs/authority/taskpack-0910-r3/TASKS.json|DECISION_SUPERSESSION_LEDGER.yaml"
"R3-0910:R13","R3-0910","R13","Windows可用包与同源证据","HISTORICAL_TRACE_ONLY_REASSESS_VIA_R6_M0","HISTORY_TRACE_ONLY","NO_CURRENT_EXECUTION","X11","docs/authority/taskpack-0910-r3/TASKS.json|DECISION_SUPERSESSION_LEDGER.yaml"
"R3-0910:R14","R3-0910","R14","Q00独立复审","HISTORICAL_TRACE_ONLY_REASSESS_VIA_R6_M0","HISTORY_TRACE_ONLY","NO_CURRENT_EXECUTION","Q00","docs/authority/taskpack-0910-r3/TASKS.json|DECISION_SUPERSESSION_LEDGER.yaml"
"R3-0910:R15","R3-0910","R15","M1全格式、互操作与仓库语言治理","HISTORICAL_TRACE_ONLY_REASSESS_VIA_R6_M0","HISTORY_TRACE_ONLY","NO_CURRENT_EXECUTION","X12|X13","docs/authority/taskpack-0910-r3/TASKS.json|DECISION_SUPERSESSION_LEDGER.yaml"
"R3-0910:R16","R3-0910","R16","Q01完整性与容量复审","HISTORICAL_TRACE_ONLY_REASSESS_VIA_R6_M0","HISTORY_TRACE_ONLY","NO_CURRENT_EXECUTION","Q01","docs/authority/taskpack-0910-r3/TASKS.json|DECISION_SUPERSESSION_LEDGER.yaml"
"R5-0912:X00","R5-0912","X00","基线、冲突裁决与唯一任务入口","HISTORICAL_TRACE_ONLY_REASSESS_VIA_R6_M0","HISTORY_TRACE_ONLY","NO_CURRENT_EXECUTION","","docs/authority/taskpack-0912-r5/TASKS.json|DECISION_SUPERSESSION_LEDGER.yaml"
"R5-0912:X01","R5-0912","X01","运行路径止增、浏览器失败与关键 CI","HISTORICAL_TRACE_ONLY_REASSESS_VIA_R6_M0","HISTORY_TRACE_ONLY","NO_CURRENT_EXECUTION","","docs/authority/taskpack-0912-r5/TASKS.json|DECISION_SUPERSESSION_LEDGER.yaml"
"R5-0912:X02","R5-0912","X02","旧资产保全与当前能力的语义复用","HISTORICAL_TRACE_ONLY_REASSESS_VIA_R6_M0","HISTORY_TRACE_ONLY","NO_CURRENT_EXECUTION","","docs/authority/taskpack-0912-r5/TASKS.json|DECISION_SUPERSESSION_LEDGER.yaml"
"R5-0912:X03","R5-0912","X03","现成学习工作台资格与默认入口","HISTORICAL_TRACE_ONLY_REASSESS_VIA_R6_M0","HISTORY_TRACE_ONLY","NO_CURRENT_EXECUTION","","docs/authority/taskpack-0912-r5/TASKS.json|DECISION_SUPERSESSION_LEDGER.yaml"
"R5-0912:X04","R5-0912","X04","跨语言真实契约及身份语义","HISTORICAL_TRACE_ONLY_REASSESS_VIA_R6_M0","HISTORY_TRACE_ONLY","NO_CURRENT_EXECUTION","","docs/authority/taskpack-0912-r5/TASKS.json|DECISION_SUPERSESSION_LEDGER.yaml"
"R5-0912:X05","R5-0912","X05","Rust原件、事务、作业与恢复底座","HISTORICAL_TRACE_ONLY_REASSESS_VIA_R6_M0","HISTORY_TRACE_ONLY","NO_CURRENT_EXECUTION","","docs/authority/taskpack-0912-r5/TASKS.json|DECISION_SUPERSESSION_LEDGER.yaml"
"R5-0912:X06","R5-0912","X06","复用workers贯通首批真实格式","HISTORICAL_TRACE_ONLY_REASSESS_VIA_R6_M0","HISTORY_TRACE_ONLY","NO_CURRENT_EXECUTION","","docs/authority/taskpack-0912-r5/TASKS.json|DECISION_SUPERSESSION_LEDGER.yaml"
"R5-0912:X07","R5-0912","X07","质量、公开核查、知识修订和搜索","HISTORICAL_TRACE_ONLY_REASSESS_VIA_R6_M0","HISTORY_TRACE_ONLY","NO_CURRENT_EXECUTION","","docs/authority/taskpack-0912-r5/TASKS.json|DECISION_SUPERSESSION_LEDGER.yaml"
"R5-0912:X08","R5-0912","X08","人类学习侧复用与事件回收","HISTORICAL_TRACE_ONLY_REASSESS_VIA_R6_M0","HISTORY_TRACE_ONLY","NO_CURRENT_EXECUTION","","docs/authority/taskpack-0912-r5/TASKS.json|DECISION_SUPERSESSION_LEDGER.yaml"
"R5-0912:X09","R5-0912","X09","机器知识、真实调用、评测与反馈","HISTORICAL_TRACE_ONLY_REASSESS_VIA_R6_M0","HISTORY_TRACE_ONLY","NO_CURRENT_EXECUTION","","docs/authority/taskpack-0912-r5/TASKS.json|DECISION_SUPERSESSION_LEDGER.yaml"
"R5-0912:X10","R5-0912","X10","旧库非空迁移与无损差分","HISTORICAL_TRACE_ONLY_REASSESS_VIA_R6_M0","HISTORY_TRACE_ONLY","NO_CURRENT_EXECUTION","","docs/authority/taskpack-0912-r5/TASKS.json|DECISION_SUPERSESSION_LEDGER.yaml"
"R5-0912:X11","R5-0912","X11","Windows人机闭环候选与可用包","HISTORICAL_TRACE_ONLY_REASSESS_VIA_R6_M0","HISTORY_TRACE_ONLY","NO_CURRENT_EXECUTION","","docs/authority/taskpack-0912-r5/TASKS.json|DECISION_SUPERSESSION_LEDGER.yaml"
"R5-0912:Q00","R5-0912","Q00","独立GPT审计M0","HISTORICAL_TRACE_ONLY_REASSESS_VIA_R6_M0","HISTORY_TRACE_ONLY","NO_CURRENT_EXECUTION","","docs/authority/taskpack-0912-r5/TASKS.json|DECISION_SUPERSESSION_LEDGER.yaml"
"R5-0912:X12","R5-0912","X12","多格式完整覆盖与学科活动","HISTORICAL_TRACE_ONLY_REASSESS_VIA_R6_M0","HISTORY_TRACE_ONLY","NO_CURRENT_EXECUTION","","docs/authority/taskpack-0912-r5/TASKS.json|DECISION_SUPERSESSION_LEDGER.yaml"
"R5-0912:X13","R5-0912","X13","全仓规范化与必要交付体验收口","HISTORICAL_TRACE_ONLY_REASSESS_VIA_R6_M0","HISTORY_TRACE_ONLY","NO_CURRENT_EXECUTION","","docs/authority/taskpack-0912-r5/TASKS.json|DECISION_SUPERSESSION_LEDGER.yaml"
"R5-0912:X14","R5-0912","X14","本地50多GB保全清理与容量止增","HISTORICAL_TRACE_ONLY_REASSESS_VIA_R6_M0","HISTORY_TRACE_ONLY","NO_CURRENT_EXECUTION","","docs/authority/taskpack-0912-r5/TASKS.json|DECISION_SUPERSESSION_LEDGER.yaml"
"R5-0912:Q01","R5-0912","Q01","独立GPT审计M1及清理结果","HISTORICAL_TRACE_ONLY_REASSESS_VIA_R6_M0","HISTORY_TRACE_ONLY","NO_CURRENT_EXECUTION","","docs/authority/taskpack-0912-r5/TASKS.json|DECISION_SUPERSESSION_LEDGER.yaml"
"R5-0912:F01","R5-0912","F01","视觉教学、动画与交互仿真","HISTORICAL_TRACE_ONLY_REASSESS_VIA_R6_M0","HISTORY_TRACE_ONLY","NO_CURRENT_EXECUTION","","docs/authority/taskpack-0912-r5/TASKS.json|DECISION_SUPERSESSION_LEDGER.yaml"
"R5-0912:F02","R5-0912","F02","大型知识宫殿与2D/2.5D/3D/VR/AR","HISTORICAL_TRACE_ONLY_REASSESS_VIA_R6_M0","HISTORY_TRACE_ONLY","NO_CURRENT_EXECUTION","","docs/authority/taskpack-0912-r5/TASKS.json|DECISION_SUPERSESSION_LEDGER.yaml"
"R5-0912:F03","R5-0912","F03","完整人机学习、经验迁移和可选微调","HISTORICAL_TRACE_ONLY_REASSESS_VIA_R6_M0","HISTORY_TRACE_ONLY","NO_CURRENT_EXECUTION","","docs/authority/taskpack-0912-r5/TASKS.json|DECISION_SUPERSESSION_LEDGER.yaml"
"R5-0912:F04","R5-0912","F04","多端同步、SDK、扩展和可选协作","HISTORICAL_TRACE_ONLY_REASSESS_VIA_R6_M0","HISTORY_TRACE_ONLY","NO_CURRENT_EXECUTION","","docs/authority/taskpack-0912-r5/TASKS.json|DECISION_SUPERSESSION_LEDGER.yaml"
"R5-0912:F05","R5-0912","F05","研究课程项目工作空间与图谱纵深","HISTORICAL_TRACE_ONLY_REASSESS_VIA_R6_M0","HISTORY_TRACE_ONLY","NO_CURRENT_EXECUTION","","docs/authority/taskpack-0912-r5/TASKS.json|DECISION_SUPERSESSION_LEDGER.yaml"
"R5-0912:F06","R5-0912","F06","吸收失败后的必要独立实现","HISTORICAL_TRACE_ONLY_REASSESS_VIA_R6_M0","HISTORY_TRACE_ONLY","NO_CURRENT_EXECUTION","","docs/authority/taskpack-0912-r5/TASKS.json|DECISION_SUPERSESSION_LEDGER.yaml"
"UI-PLAN-0924:Task-1","UI-PLAN-0924","Task-1","Persist and restore ordinary-source Reader context","PARTIAL_REQUIRES_EXACT_SOURCE_NATIVE_ACCEPTANCE","UI_FRONTEND","OPEN_OR_RECHECK_WITH_REAL_EVIDENCE","","docs/current/AAOS-UI-COVERAGE-MATRIX-20261001.md"
"UI-PLAN-0924:Task-2","UI-PLAN-0924","Task-2","Close navigation, command and assistive-technology semantics","PARTIAL_REQUIRES_EXACT_SOURCE_NATIVE_ACCEPTANCE","UI_FRONTEND","OPEN_OR_RECHECK_WITH_REAL_EVIDENCE","","docs/current/AAOS-UI-COVERAGE-MATRIX-20261001.md"
"UI-PLAN-0924:Task-3","UI-PLAN-0924","Task-3","Reduce MainWindow coupling through incremental view extraction","PARTIAL_REQUIRES_EXACT_SOURCE_NATIVE_ACCEPTANCE","UI_FRONTEND","OPEN_OR_RECHECK_WITH_REAL_EVIDENCE","","docs/current/AAOS-UI-COVERAGE-MATRIX-20261001.md"
"UI-PLAN-0924:Task-4","UI-PLAN-0924","Task-4","Complete product visual assets and motion system","PARTIAL_REQUIRES_EXACT_SOURCE_NATIVE_ACCEPTANCE","UI_FRONTEND","OPEN_OR_RECHECK_WITH_REAL_EVIDENCE","","docs/current/AAOS-UI-COVERAGE-MATRIX-20261001.md"
"UI-PLAN-0924:Task-5","UI-PLAN-0924","Task-5","Finish Core-backed frontend workflows and honest domain boundaries","PARTIAL_REQUIRES_EXACT_SOURCE_NATIVE_ACCEPTANCE","UI_FRONTEND","OPEN_OR_RECHECK_WITH_REAL_EVIDENCE","","docs/current/AAOS-UI-COVERAGE-MATRIX-20261001.md"
"UI-PLAN-0924:Task-6","UI-PLAN-0924","Task-6","Prove responsive layout, keyboard, UIA and visual quality in a real window","PARTIAL_REQUIRES_EXACT_SOURCE_NATIVE_ACCEPTANCE","UI_FRONTEND","OPEN_OR_RECHECK_WITH_REAL_EVIDENCE","","docs/current/AAOS-UI-COVERAGE-MATRIX-20261001.md"
"UI-PLAN-0924:Task-7","UI-PLAN-0924","Task-7","Complete the M0 P3 real learning Golden Journey","PARTIAL_REQUIRES_EXACT_SOURCE_NATIVE_ACCEPTANCE","UI_FRONTEND","OPEN_OR_RECHECK_WITH_REAL_EVIDENCE","","docs/current/AAOS-UI-COVERAGE-MATRIX-20261001.md"
"UI-PLAN-0924:Task-8","UI-PLAN-0924","Task-8","Build and stage an exact-SHA Local Green Candidate for owner review","PARTIAL_REQUIRES_EXACT_SOURCE_NATIVE_ACCEPTANCE","UI_FRONTEND","OPEN_OR_RECHECK_WITH_REAL_EVIDENCE","","docs/current/AAOS-UI-COVERAGE-MATRIX-20261001.md"
"DP-0925:DP-GIT-01","DP-0925","DP-GIT-01","branch/commit semantic audit (start now; read-only product review)","HISTORICAL_ASSIGNMENT_RECHECK_INTEGRATION","BACKEND_FRONTEND_LOOP","OPEN_OR_RECHECK_WITH_REAL_EVIDENCE","","docs/current/SEPTEMBER-BACKEND-INTEGRATION-20260927.md|docs/current/R6-STATE.json"
"DP-0925:DP-UI-01","DP-0925","DP-UI-01","native GUI acceptance (wait for root's current-tree Candidate)","HISTORICAL_ASSIGNMENT_RECHECK_INTEGRATION","UI_FRONTEND","OPEN_OR_RECHECK_WITH_REAL_EVIDENCE","","docs/current/SEPTEMBER-BACKEND-INTEGRATION-20260927.md|docs/current/R6-STATE.json"
"DP-0925:DP-UI-02","DP-0925","DP-UI-02","measured frontend defect fix (only after DP-UI-01)","HISTORICAL_ASSIGNMENT_RECHECK_INTEGRATION","UI_FRONTEND","OPEN_OR_RECHECK_WITH_REAL_EVIDENCE","","docs/current/SEPTEMBER-BACKEND-INTEGRATION-20260927.md|docs/current/R6-STATE.json"
"DP-0925:DP-F01","DP-0925","DP-F01","real text quality roundtrip (independent M0 P1 slice; candidate implementation)","HISTORICAL_ASSIGNMENT_RECHECK_INTEGRATION","BACKEND_FRONTEND_LOOP","OPEN_OR_RECHECK_WITH_REAL_EVIDENCE","","docs/current/SEPTEMBER-BACKEND-INTEGRATION-20260927.md|docs/current/R6-STATE.json"
"DP-0925:DP-A11","DP-0925","DP-A11","Research contract gap analysis (optional read-only, after DP-GIT-01)","HISTORICAL_ASSIGNMENT_RECHECK_INTEGRATION","BACKEND_FRONTEND_LOOP","OPEN_OR_RECHECK_WITH_REAL_EVIDENCE","","docs/current/SEPTEMBER-BACKEND-INTEGRATION-20260927.md|docs/current/R6-STATE.json"
"ECOSYSTEM-1001:H7-D11","ECOSYSTEM-1001","H7-D11","知识 owner 与 provenance 人审版本合同","PARTIAL_RECHECK_CURRENT","LIGHT_GOVERNANCE","OPEN_OR_RECHECK_WITH_REAL_EVIDENCE","","docs\history\external-inputs\2026-10-01\AAOS-ECOSYSTEM-AUDIT.md"
"ECOSYSTEM-1001:Q8-F18","ECOSYSTEM-1001","Q8-F18","核验 AGENTS 指向的 WORK-LAB 全局标准路径","NEEDS_EXTERNAL_READBACK","LIGHT_GOVERNANCE","OPEN_OR_RECHECK_WITH_REAL_EVIDENCE","","docs\history\external-inputs\2026-10-01\AAOS-ECOSYSTEM-AUDIT.md"
"ECOSYSTEM-1001:I7-F01","ECOSYSTEM-1001","I7-F01","外部归档仅是切片，不外推当前全树状态","AUDIT_RULE","LIGHT_GOVERNANCE","OPEN_OR_RECHECK_WITH_REAL_EVIDENCE","","docs\history\external-inputs\2026-10-01\AAOS-ECOSYSTEM-AUDIT.md"
"ECOSYSTEM-1001:D01-D02-P00-P06","ECOSYSTEM-1001","D01-D02-P00-P06","三项目独立 owner 与覆盖映射","AUDIT_RULE","LIGHT_GOVERNANCE","OPEN_OR_RECHECK_WITH_REAL_EVIDENCE","","docs\history\external-inputs\2026-10-01\AAOS-ECOSYSTEM-AUDIT.md"
"ECOSYSTEM-1001:P05-P09-D15","ECOSYSTEM-1001","P05-P09-D15","生成器输出归属与增量仓库卫生","PROPOSAL_NOT_ADOPTED","NOT_ADOPTED","NO_CURRENT_EXECUTION","","docs\history\external-inputs\2026-10-01\AAOS-ECOSYSTEM-AUDIT.md"
"ECOSYSTEM-1001:D08-D09-P07","ECOSYSTEM-1001","D08-D09-P07","目录、重复资产及缓存迁移","PAUSED_BY_USER_CLEANUP_STOP","PAUSED_BY_USER","NO_CURRENT_EXECUTION","","docs\history\external-inputs\2026-10-01\AAOS-ECOSYSTEM-AUDIT.md"
"ECOSYSTEM-1001:D12-P15","ECOSYSTEM-1001","D12-P15","模型/软件逐版本资格化","OPEN_OR_PARTIAL","LIGHT_GOVERNANCE","OPEN_OR_RECHECK_WITH_REAL_EVIDENCE","","docs\history\external-inputs\2026-10-01\AAOS-ECOSYSTEM-AUDIT.md"
"ECOSYSTEM-1001:P16","ECOSYSTEM-1001","P16","各仓独立精确 SHA 交付","OPEN_OR_PARTIAL","LIGHT_GOVERNANCE","OPEN_OR_RECHECK_WITH_REAL_EVIDENCE","","docs\history\external-inputs\2026-10-01\AAOS-ECOSYSTEM-AUDIT.md"
"ECOSYSTEM-1001:F19","ECOSYSTEM-1001","F19","外部门禁不证明 AAOS 真实边界","AUDIT_RULE","LIGHT_GOVERNANCE","OPEN_OR_RECHECK_WITH_REAL_EVIDENCE","","docs\history\external-inputs\2026-10-01\AAOS-ECOSYSTEM-AUDIT.md"
