scope,index,title,stable_id,role_or_note,baseline_date
AAOS直接资料,1,02-ARCHEAXIS-DEEPENED-TASKPACK(1).md,libfile_de39e76bb2388191a8afdcbe5b768de5,,2026-09-04
AAOS直接资料,2,02-ARCHEAXIS-DEEPENED-TASKPACK.md,libfile_0de7e34be43c819181905b1daadccb32,,2026-09-04
AAOS直接资料,3,AI Agent 时代基础设施地图：WORK-LAB 与 ArcheAxis Workspace 可执行深度研究报告,libfile_0b39eadf07d4819183b06e1f4ea0fe5d,,2026-09-04
AAOS直接资料,4,ArcheAxis Knowledge “一切皆插件”架构改造深度研究报告,libfile_eb360ba680ec8191856a63ec58547c1d,,2026-09-04
AAOS直接资料,5,ArcheAxis OS Overview.docx,libfile_029a669e68948191808035cac3ddb596,,2026-09-04
AAOS直接资料,6,ArcheAxis OS V3.0 Blueprint.docx,libfile_1b9ef0421ad881919cfc8ae3d800a6ac,,2026-09-04
AAOS直接资料,7,ArcheAxis OS V3.1 Documentation.docx,libfile_871a17e6aed88191810cec30da5226a7,,2026-09-04
AAOS直接资料,8,ArcheAxis 智能知识工作台.png,libfile_a0cd6836d54c81919e75d644cb4b83ee,,2026-09-04
AAOS直接资料,9,ArcheAxis 知识工作区首页.png,libfile_58ccfb010e2c81918517e10cfcfdaf9d,,2026-09-04
AAOS直接资料,10,ARCHEAXIS-CLEAN-SHEET-LANGUAGE-AUDIT-MIGRATION-TASKPACK-2026-09-01(1).md,libfile_802c6ebabd888191a0b1703151300fd4,,2026-09-04
AAOS直接资料,11,ARCHEAXIS-CLEAN-SHEET-LANGUAGE-AUDIT-MIGRATION-TASKPACK-2026-09-01.md,libfile_346de37fed90819190956431e82348fc,,2026-09-04
AAOS直接资料,12,ARCHEAXIS-COMPLETE-REPAIR-AND-LANGUAGE-MIGRATION-PLAN-2026-09-04.md,libfile_2b146f9f03708191a3fdad77e1dbf5dd,,2026-09-04
AAOS直接资料,13,ARCHEAXIS-DIRECTORY-MIGRATION-CLEANUP-TASKPACK-2026-09-01.md,libfile_7c96d8f71b248191900af1607a51f131,,2026-09-04
AAOS直接资料,14,ARCHEAXIS-FINAL-TASKPACK-2026-08-25.md,libfile_73920db5f14c8191996a9cdc521fbfec,,2026-09-04
AAOS直接资料,15,ArcheAxis-Knowledge-Full-UI-Effect-Screens-v1-2026-08-13.zip,libfile_a7b639b48f888191ac39ffcce8da0443,,2026-09-04
AAOS直接资料,16,ArcheAxis-Knowledge-Historical-Visual-Frontend-Assets-v1-2026-08-13.zip,libfile_727fb3724e58819193875650fea31ef5,,2026-09-04
AAOS直接资料,17,ArcheAxis-Knowledge-OPEN-DESIGN-UI-TaskPack-v1-2026-08-12.zip,libfile_bcce3d7803b481918331c8dec661149b,,2026-09-04
AAOS直接资料,18,ArcheAxis-Knowledge-OS-SUMMARY.md,libfile_9ff8707c6a6c819192c13fe0772474ab,,2026-09-04
AAOS直接资料,19,ArcheAxis-Knowledge-OS_Project_Config_CI_DeDup_TaskPack_2026-08-13.md,libfile_a72e3d1f81408191ae3c0760e5706c9e,,2026-09-04
AAOS直接资料,20,ARCHEAXIS-NEW-CHAT-HANDOFF-2026-09-03(1).md,libfile_a24acadc959881919a4fd203befa1042,,2026-09-04
AAOS直接资料,21,ARCHEAXIS-NEW-CHAT-HANDOFF-2026-09-03.md,libfile_5b16aeece6388191923545f00b0b6ecf,,2026-09-04
AAOS直接资料,22,ArcheAxis_2026-07-31_完整对话整理与决策归档.docx,libfile_7b3ae6462a708191b844a3d6175be3d5,,2026-09-04
AAOS直接资料,23,ArcheAxis_2026-07-31_完整对话整理与决策归档.md,libfile_4062a1fe3f548191a3f2798e8b7e971a,,2026-09-04
AAOS直接资料,24,ArcheAxis_Apple_Desktop_Full_UI_TaskPack_v1.0.zip,libfile_e394bbd862308191b869969c4d4cbb7c,,2026-09-04
AAOS直接资料,25,ArcheAxis_Apple_Desktop_HERMES_MasterPrompt_v1.0.md,libfile_eac0d3a20da88191942f6ba1b085b68f,,2026-09-04
AAOS直接资料,26,archeaxis_desktop_a1.html,libfile_e84401d278cc819196edca648d241517,,2026-09-04
AAOS直接资料,27,ArcheAxis_Desktop_Cloud_Reaudit_Modification_Pack_v1.0.zip,libfile_f61701ea5794819195ec2321701e6c7e,,2026-09-04
AAOS直接资料,28,ArcheAxis_Desktop_HERMES_Master_TaskPack_v1.0.md,libfile_a27f52a4e2948191a39ad9e4cffa3045,,2026-09-04
AAOS直接资料,29,ArcheAxis_Frontend_Reconstruction_and_Generation_Prompts_2026-08-21.md,libfile_ec8db1421e9481918040d4b5956b88ea,,2026-09-04
AAOS直接资料,30,ArcheAxis_HERMES_Full_TaskPack_2026-08-01_v1.0.zip,libfile_fb086b8ea34c8191b69b255241f1953e,,2026-09-04
AAOS直接资料,31,ArcheAxis_HERMES_Master_Command_2026-08-01_v1.0.md,libfile_b11379097f1c8191ac0616c90451124b,,2026-09-04
AAOS直接资料,32,ArcheAxis_HERMES_Master_TaskPack_2026-07-28_v1.0.md,libfile_e3d20e3c5db481918e114a9accc0187e,,2026-09-04
AAOS直接资料,33,ArcheAxis_Knowledge_Benchmark_TaskPack_v1.0.md,libfile_a36e3e6ff8708191b1839b0bddf89c0d,,2026-09-04
AAOS直接资料,34,ArcheAxis_Knowledge_Benchmark_TaskPack_v1.0.zip,libfile_fa44a66d01548191bb7e8343ad90ffd7,,2026-09-04
AAOS直接资料,35,ArcheAxis_Knowledge_Cloud_Audit_Plugin_Core_UI_HERMES_TaskPack_2026-08-14.md,libfile_be388f3c2c8c8191814a8550d2c32853,,2026-09-04
AAOS直接资料,36,ArcheAxis_Knowledge_Final_Architecture_ExternalStore_Release_HERMES_TaskPack_2026-08-14.md,libfile_96abd89a8ed88191adcbfb0df5c94b9c,,2026-09-04
AAOS直接资料,37,ArcheAxis_Knowledge_MultiFormat_ClosedLoop_HERMES_TaskPack_2026-08-13.md,libfile_4c8970c1c0808191849d580a94d98012,,2026-09-04
AAOS直接资料,38,ArcheAxis_Knowledge_MultiFormat_ClosedLoop_HERMES_TaskPack_2026-08-13.zip,libfile_2c91babe213081918050c7cc5e41aca1,,2026-09-04
AAOS直接资料,39,ArcheAxis_Knowledge_Naming_Audit_TaskPack_v1_2026-08-12.zip,libfile_dd70eb27b6d48191b3b237137489865a,,2026-09-04
AAOS直接资料,40,ArcheAxis_Learning_Workspace_System_Blueprint_and_HERMES_Update_TaskPack_v1_2026-08-11.md,libfile_143c4ff08dd88191a88b5b6160fb23dd,,2026-09-04
AAOS直接资料,41,ArcheAxis_Learning_Workspace_System_Blueprint_and_HERMES_Update_TaskPack_v1_2026-08-11.zip,libfile_de733805caec8191a48910daef7804d7,,2026-09-04
AAOS直接资料,42,ArcheAxis_Open_Source_Research_Master_2026-07-30_v1.0.zip,libfile_87cafaf4b9e08191b14313ac50789b4a,,2026-09-04
AAOS直接资料,43,ArcheAxis_Open_Source_Research_Master_List_2026-07-30.md,libfile_96abf84c781c8191bb4afa5b6959426c,,2026-09-04
AAOS直接资料,44,ArcheAxis_OS_CI_Acceleration_WORKLAB_Compatible_HERMES_TaskPack_2026-08-07.md,libfile_c84167dd3a808191ab76d1d45f6e3c97,,2026-09-04
AAOS直接资料,45,ArcheAxis_OS_Cloud_Full_Audit_Integrated_TaskPack_2026-08-07.md,libfile_01b1e47c1e1c8191aba5135e6930f0bc,,2026-09-04
AAOS直接资料,46,ArcheAxis_OS_Full_Context_Handoff_2026-08-19(1).md,libfile_73ab97017af08191bc1dd3a276c15c38,,2026-09-04
AAOS直接资料,47,ArcheAxis_OS_Full_Context_Handoff_2026-08-19.md,libfile_2ca78f5d6d248191a4d23bdab499fe37,,2026-09-04
AAOS直接资料,48,ArcheAxis_OS_MCS_Phase5_v0.1.0.sha256,libfile_30125db279948191a83f04892a403906,,2026-09-04
AAOS直接资料,49,ArcheAxis_OS_MCS_Phase5_v0.1.0.zip,libfile_34b107b552f4819199b8c26c7d5eb316,,2026-09-04
AAOS直接资料,50,ArcheAxis_OS_Minimum_Surface_Master_TaskPack_2026-08-06.md,libfile_4b3d5c1a73488191acf28c4f4bac1584,,2026-09-04
AAOS直接资料,51,ArcheAxis_OS_New_Conversation_Handoff_2026-08-19.zip,libfile_56f6ecd184dc819182b3e5893fb06bc5,,2026-09-04
AAOS直接资料,52,ArcheAxis_OS_Only_Product_UI_Naming_Compatibility_Audit_2026-08-08.md,libfile_e2b9cc3b33508191b9e9099fb864f016,,2026-09-04
AAOS直接资料,53,ArcheAxis_OS_Project_Library_Architecture_2026-08-18.md,libfile_48b2c145ecac8191baf554c47631f6b9,,2026-09-04
AAOS直接资料,54,ArcheAxis_Project_Context_Handoff_2026-08-17.md,libfile_4d6017b3022081918c47834ec7f4299a,,2026-09-04
AAOS直接资料,55,ArcheAxis_Project_Context_Handoff_2026-08-18.md,libfile_e95b7e77e6e08191bb85c4fbe08c1a1a,,2026-09-04
AAOS直接资料,56,ArcheAxis_Today_Conversation_Archive_HERMES_TaskPack_2026-07-28_v1.0.zip,libfile_2896703a0c908191aaddf76651485369,,2026-09-04
AAOS直接资料,57,ArcheAxis_UI_Concept_v0.4.1.zip,libfile_10ff585ae7e481919443418a401de096,,2026-09-04
AAOS直接资料,58,ArcheAxis_v0.6.0_Minimum_Closed_Loop_Release_TaskPack_2026-08-20.md,libfile_19c9c44b3b008191a78ac71d99b9a94b,,2026-09-04
AAOS直接资料,59,ArcheAxis_Workspace_CODEX_Final_Master_TaskPack_v3_2026-08-09.md,libfile_a2414a0eae508191aa80d6df4c79c4ac,,2026-09-04
AAOS直接资料,60,ArcheAxis_Workspace_Complete_Project_Introduction_and_Integrated_Blueprint_v1_2026-08-11.md,libfile_85e9a4dc24c481918f63256bde1fdabf,,2026-09-04
AAOS直接资料,61,ArcheAxis_Workspace_Complete_Project_Introduction_and_Integrated_Blueprint_v1_2026-08-11.zip,libfile_eef510b103908191adbbb2ff01dbb963,,2026-09-04
AAOS直接资料,62,ArcheAxis_Workspace_Context_Handoff_2026-08-10(1).md,libfile_58aa35888c8c81919cd9afc39aa89049,,2026-09-04
AAOS直接资料,63,ArcheAxis_Workspace_Context_Handoff_2026-08-10.md,libfile_070a840afbf881919a3618598ae4c28f,,2026-09-04
AAOS直接资料,64,ArcheAxis_Workspace_Final_Master_TaskPack_v4_2026-08-09.md,libfile_1f76b12718d08191966ceb66e3bccaca,,2026-09-04
AAOS直接资料,65,ArcheAxis_Workspace_Future_Master_Blueprint_v1_2026-08-09.md,libfile_170cd96502048191a0ab2ebb3ade5183,,2026-09-04
AAOS直接资料,66,ArcheAxis_Workspace_Incremental_TaskPack_OSS_Windows_LER_v1_2026-08-09.md,libfile_e456529807248191bf10c5a3671b9bf0,,2026-09-04
AAOS直接资料,67,ArcheAxis_Workspace_Multiformat_Recognition_Web_Verification_Enhancement_TaskPack_v1_2026-08-11.md,libfile_573eac3ffbd88191ab70e4b1aa268412,,2026-09-04
AAOS直接资料,68,ArcheAxis_Workspace_Project_History_and_OSS_Absorption_Master_Atlas_v1_2026-08-11.md,libfile_2b9114805b688191b702dde32f322a0e,,2026-09-04
AAOS直接资料,69,ArcheAxis_Workspace_v0.5_Multiformat_Full_Audit_and_Recovery_TaskPack_2026-08-09.md,libfile_420f7c20183081918ae4e37886fac362,,2026-09-04
AAOS直接资料,70,ArcheAxis完整项目对话与时间线汇报.md,libfile_33ae3cd6ebc88191980d4edff8e4de56,,2026-09-04
AAOS直接资料,71,OPEN-DESIGN-ARCHEAXIS-WORKSPACE-UI-MASTER-PROMPT-2026-08-11.md,libfile_62e2f4becdcc8191903087fa8533ec74,,2026-09-04
AAOS直接资料,72,WORK-LAB_and_ArcheAxis-Knowledge-OS_Config_Governance_TaskPacks_2026-08-13.zip,libfile_fb11c63f55648191ab071af042315be0,,2026-09-04
AAOS直接资料,73,三项目联动分层架构决策文档：ArcheAxis _ WORK-LAB _ DESIGN-LAB.md,libfile_1d1876e534788191a19d2a74743836aa,,2026-09-04
AAOS直接资料,74,Cognitive-Loop-OS-Frontend-System-UI-Audit-and-TaskPack-2026-08-11.md,libfile_e7c4d0ea68088191828adfb0513de7c7,,2026-09-04
AAOS直接资料,75,Cognitive-Loop-OS_INTEGRATION.md,libfile_b9b58bf37c948191b9bec395e72193b1,,2026-09-04
AAOS直接资料,76,03_AXOS_开源能力总表.xlsx,libfile_3148895b1ea88191a096107afd6a08fd,,2026-09-04
AAOS直接资料,77,AXOS_OpenSource_Absorption_Pack_2026-07-25.zip,libfile_5385fee7f6208191b6006e846c5c4d57,,2026-09-04
AAOS直接资料,78,星环知识平台·学习主页(1).png,libfile_a7f0cbf3dec88191938d4631ab218074,,2026-09-04
AAOS直接资料,79,星环知识平台·学习主页.png,libfile_308e7ec841b48191a5e1d7a3acf2396d,,2026-09-04
AAOS直接资料,80,星环知识平台工作台总览(1).png,libfile_a66b340bd1a481918630633454fbe421,,2026-09-04
AAOS直接资料,81,星环知识平台工作台总览.png,libfile_d6575a8613dc8191bb6e67560c641254,,2026-09-04
AAOS直接资料,82,星环知识平台并排差异阅读器(1).png,libfile_eea778676964819180562321fc674a11,,2026-09-04
AAOS直接资料,83,星环知识平台并排差异阅读器.png,libfile_3faa112d93fc8191976714310a80ae84,,2026-09-04
AAOS直接资料,84,星环知识平台资料库(1).png,libfile_3789566d6c1c81918d876682a86f6440,,2026-09-04
AAOS直接资料,85,星环知识平台资料库.png,libfile_081d9a3092008191954ce2e5e5b64034,,2026-09-04
跨项目联动资料,1,Cognitive_Knowledge_System_三项目聚合分析包.zip,libfile_a7e33c6e9f6c8191bc8fa958ae643230,历史聚合资产,2026-09-04
跨项目联动资料,2,三项目 AI 原生桌面工作台与运行闭环研究报告,libfile_4569193cd3188191a56af0e1b4eacf1a,外部研究,2026-09-04
跨项目联动资料,3,三项目定位、总体蓝图与 DSH 闭环架构研究报告,libfile_02c4a2d116508191980a31ad41368099,架构研究,2026-09-04
跨项目联动资料,5,00-THREE-PROJECT-TASKPACK-INDEX(1).md,libfile_826b75a80e5c81918a4d5077a2efb708,重复索引,2026-09-04
跨项目联动资料,6,00-THREE-PROJECT-TASKPACK-INDEX.md,libfile_00e21079b0288191aaf0915fd39ff48e,任务索引,2026-09-04
跨项目联动资料,7,DTALEX66-Three-Project-Development-Pack-v5.0.zip,libfile_ac614a7b5f1c819182d7539304447dd9,历史配套包,2026-09-04
跨项目联动资料,8,DTALEX66-Three-Project-Development-Pack-v5.1.zip,libfile_20dd151b2e2c8191b877b7ed5ac65ab2,历史配套包,2026-09-04
跨项目联动资料,9,THREE-PROJECT-CLOUD-AUDIT-FRONTEND-OSS-FIRST-2026-08-31.md,libfile_fbd81d08d6cc8191ad7bb668a65ab315,8/25 后覆盖接缝,2026-09-04
跨项目联动资料,10,THREE-PROJECT-OSS-REUSE-FAST-TRACK-2026-08-26.md,libfile_30d360aec1e08191b65ebef7ed0fd96d,8/25 后覆盖接缝,2026-09-04
跨项目联动资料,11,DSH_TRI_PROJECT_FULL_TASKPACK_2026-08-19.md,libfile_d9a091b63fa88191a8b441bb478781dd,三项目任务包,2026-09-04
跨项目联动资料,12,Tri_Project_Full_Audit_2026-08-24.md,libfile_0f8eb2ebb1d48191b2e9f705503e84a9,三项目全审计,2026-09-04
跨项目联动资料,13,DTALEX66 三仓库全面云端审计与视觉智能演进研究,libfile_2fab7e1ec35881919f1f45ecacd8b8f4,云端/视觉研究,2026-09-04
