原UI页ID,原页面,工作区,入口层级,入口路径语义,主要动作,独有行为与能力保留,继承CAP,源需求,状态
01,今日工作台,工作台,一级入口,今日工作/最近现场/到期复习,继续最近工作,最近列表与待办按真实对象恢复,CAP-0010;CAP-0040;CAP-0050;CAP-0120,R001;R003;R006;R008;R033,设计提议；旧路由/行为需当前工作树映射
02,知识库,知识,一级入口内默认视图,集合与内容列表,新建笔记/导入原件,列表筛选和集合上下文保留,CAP-0010;CAP-0020;CAP-0110,R003;R010;R011;R012,设计提议；旧路由/行为需当前工作树映射
03,阅读与编辑,知识,对象详情/深链接,内容→阅读/编辑,编辑与真实保存,从知识/搜索/课程回跳同一对象,CAP-0010;CAP-0030;CAP-0110,R003;R004;R005;R010;R030,设计提议；旧路由/行为需当前工作树映射
04,双链与知识图谱,知识,二级视图/对象关系,内容→反链/局部图谱,打开关联内容,人工/导入/AI推断关系来源独立,CAP-0110;CAP-0160,R010;R012;R032,设计提议；旧路由/行为需当前工作树映射
05,研究空间,知识,二级研究空间/可收藏,研究空间→问题项目,继续研究或新建研究问题,问题/方法/反证/实验/未决完整保留,CAP-0030;CAP-0090,R004;R013;R019,设计提议；旧路由/行为需当前工作树映射
06,学习路径,学习,一级入口内目标与路径,目标→诊断/路径/活动/巩固,继续下一活动,完整学习生命周期不能缩成课程流程,CAP-0040;CAP-0060,R006;R007;R014;R033;R046,设计提议；旧路由/行为需当前工作树映射
07,课程与视觉教学,学习,课程详情/学习视图,课程→当前场景/练习/引用,继续场景或进入练习,固定引用、离线内容、真实进度,CAP-0040;CAP-0060;CAP-0160,R014;R030;R033;R034,设计提议；旧路由/行为需当前工作树映射
08,教学需求,学习,课程准备内需求步骤,课程/教学项目→准备→需求,保存需求/提交审阅,草稿先保存；身份/先修/目标/用途保留,CAP-0040;CAP-0060;CAP-0100,R002;R027;R028;R033,设计提议；旧路由/行为需当前工作树映射
09,表达方案审阅,学习,课程准备内方案步骤,课程/教学项目→准备→表达方案,记录审阅与修订,不冒充设计生产功能已集成,CAP-0060;CAP-0160,R002;R027;R029;R033,设计提议；旧路由/行为需当前工作树映射
10,交付登记与版本,学习,课程准备内交付步骤,课程/教学项目→产物与版本,检查交付/登记采用,登记、采用、执行、试学分别表达,CAP-0060;CAP-0100;CAP-0140,R027;R028;R030;R034,设计提议；旧路由/行为需当前工作树映射
11,练习与 Teach-back,学习,课程/知识/目标内活动,当前活动→作答/Teach-back,提交真实作答,提示/AI帮助/版本/rubric关联真实事件,CAP-0040;CAP-0060,R005;R006;R007;R046,设计提议；旧路由/行为需当前工作树映射
12,反馈与修订,学习,结果与修订上下文,活动反馈/课程准备→修订,保存反馈/形成修订,反馈分责；历史事件绑定旧版本,CAP-0040;CAP-0050;CAP-0060,R029;R030;R033;R046,设计提议；旧路由/行为需当前工作树映射
13,AI 知识与项目记忆,AI,一级入口内记忆与资产,项目范围→记忆/知识包/候选,查看或保存候选,跨客户端接续/规则技能/用途范围保留,CAP-0050;CAP-0130,R008;R009;R026;R028;R041,设计提议；旧路由/行为需当前工作树映射
14,纠正、评测与复测,AI,候选/回答内纠正复测,原回答→纠正→评测与复测,评测复测/按资格采用,原回答、测试输入、撤回和回执不覆盖,CAP-0050;CAP-0130,R008;R025;R026;R028;R030;R047,设计提议；旧路由/行为需当前工作树映射
15,资源与扩展,资源,一级入口内目录,模板/插件/技能/供体/MCP,查看详情与可用接入,索引、可用、已接入分别显示,CAP-0100;CAP-0130;CAP-0150,R018;R019;R020;R023;R032,设计提议；旧路由/行为需当前工作树映射
16,导入、导出与互通,资源,二级导入导出/上下文快捷入口,原件导入/范围导出/交换结果,选择原件或导出范围,四类互通目标独立验；首期人工交换,CAP-0020;CAP-0100;CAP-0140,R011;R017;R027;R028;R022,设计提议；旧路由/行为需当前工作树映射
17,全部能力与未来蓝图,全部能力,固定工具入口,目录→搜索/分类/细项,打开完整能力详情,普通用户可达；不以常用入口替代完整目录,CAP-0010;CAP-0020;CAP-0030;CAP-0040;CAP-0050;CAP-0060;CAP-0070;CAP-0080;CAP-0090;CAP-0100;CAP-0110;CAP-0120;CAP-0130;CAP-0140;CAP-0150;CAP-0160,R032;R043,设计提议；旧路由/行为需当前工作树映射
18,能力详情,全部能力,能力详情/搜索深链接,能力→用途/细项/依赖/状态,查看可用动作与待实现说明,完整细项需独立批准基线对账,CAP-0070;CAP-0080;CAP-0160,R015;R016;R032;R043,设计提议；旧路由/行为需当前工作树映射
19,系统与可靠性,设置,固定工具入口,模型预算/权限数据/备份恢复/同步,当前分区的真实配置动作,恢复不是未来装饰项；读取Core标识,CAP-0120;CAP-0140;CAP-0150,R020;R021;R022;R024;R031;R034,设计提议；旧路由/行为需当前工作树映射
20,版本、来源与历史,对象详情与设置,上下文来源版本/全局历史,对象→来源/版本；设置→历史查询,查看引用影响或比较版本,旧来源可查，活动权威与历史资格分开,CAP-0010;CAP-0110;CAP-0140,R030;R035;R038;R039;R041;R042,设计提议；旧路由/行为需当前工作树映射
21,画布与视觉表达,学习与知识,课程表达/知识画布详情,课程/对象→图解/画布/未来空间,编辑布局或查看表达,布局不改知识真值；动画仿真XR分别保留,CAP-0060;CAP-0070;CAP-0080;CAP-0160,R014;R015;R016;R032,设计提议；旧路由/行为需当前工作树映射
22,受限任务与回执,AI与关联对象,有限任务及回执详情,任务→范围/步骤/检查点/回执,查看真实运行、取消或继续条件,复杂编排归WORK-LAB；不创建总控制平台,CAP-0050;CAP-0130;CAP-0150,R002;R008;R023;R024;R028,设计提议；旧路由/行为需当前工作树映射
