旅程,步骤,真实输入与依赖,后续状态,主要动作,失败与取消,返回现场,边界
笔记,新建,已有Core新建/临时对象契约,进入编辑会话,写正文,失败保留输入或给出真实重试,新建入口,不强加来源/评测前置
笔记,编辑,成熟编辑器与有效权限,保存请求匹配对象及版本,继续编辑,IME/撤销/迟到回执保持顺序,当前对象,不渲染重建未保存正文
笔记,提交中,真实持久化提交,Core回执→已保存或冲突,保留编辑现场,错误→待重试；冲突→比较版本,当前对象,remote同步另列
笔记,版本冲突,草稿保留、实际新版本可读,比较/按现有契约修订,选择合法处理,取消仍保留草稿，不自动覆盖新版本,编辑或只读比较,不静默合并或改旧历史
课程学习,目标入口,已有目标/路径与活动模型,诊断/先修→可解释下一活动,开始或继续活动,未有课程可从知识侧开始现有活动,学习首页,完整学习链独立于课程准备
课程学习,学习场景,固定知识版本与可读资产,练习/提取/实战/Teach-back,继续场景/记录真实作答,不可用媒体给出真实降级,当前场景,播放进度不代表掌握
课程学习,反馈与巩固,实际题目、事件、rubric,反馈→错题/路线调整/复习,查看下一复习或修订,无效果证据保持未评估,目标/活动,真人试学及长期收益另验
课程准备,需求草稿,课程/教学项目身份、版本与用途,需求→方案审阅,保存或提交审阅,缺项允许保存；提交前按契约核对,准备视图,不新建另一套课程主对象
课程准备,方案审阅,生产者与引用范围可读,方案→版本化交付,记录审阅/返回修订,拒绝或待修改保留历史,需求或方案,设计主责归DESIGN-LAB
课程准备,交付登记,hash、来源、身份、版本与幂等,登记→按用途采用→真实练习,检查/登记/实际采用,过期/重复/同ID异内容分别反馈,交付列表,人工交换清楚标注
课程准备,修订,原反馈与版本可定位,生成新修订→再交付,保存修订,旧学习事件继续引用旧版本,准备视图,不改历史rubric
AI候选,观察保存,可定位项目范围与来源,候选→固定评测,保存/查看候选,无评测资格仍可保存和阅读,候选详情,保存不等于复用
AI候选,纠正与复测,原回答、修订、固定输入与权限,复测结果→按范围采用/继续修订,执行实际可用复测,失败显示实际差异，取消按任务契约,原回答/候选,模型自评和独立评测分开
AI候选,撤回,当前采用范围与历史回执,撤回后未来调用按策略处理,明确撤回范围,保留历史使用记录及对象身份,候选详情,不逆改旧回答
导入,选择原件,原件与当前环境读取能力,识别/校验→原件保存与转换,选择和提交,不支持/损坏给出原因；保留原载荷按契约,原件列表,转换可在保存之后进行
导入,批量结果,逐项持久化/转换回执,打开保存对象或重试失败项,查看结果/只重试失败项,部分成功和取消后已保存项可定位,任务结果,禁止单个绿灯掩盖损失
恢复,选择备份,Core实际返回ID/名称/schema,完整性与兼容检查,检查选中备份,损坏/缺失/未知兼容保持不可执行或待检查,备份列表,不复制一套UI名称正则
恢复,目标预览,当前Core支持的恢复目标与影响,明确确认→恢复请求,确认实际恢复目标,取消保留原现场；未知影响不假称可安全覆盖,检查结果,此包不授权实际恢复
恢复,恢复执行,服务端真实权限、操作ID与回执,成功→重启/回读,查看进度和真实结果,失败按Core回执给出后续，非任意重复调用,操作详情,原实例与副本验证分开
恢复,回读验证,真实数据库/CAS/版本/引用,一致回读→完成报告,查看恢复结果,不一致或未重启维持待验证,恢复实例,草稿/版本回退/同步不是同一操作
