组件,状态语义示例,输入与显示,约束,验收重点
Shell,稳定对象/范围,导航、主题、窗口变化,布局变化不重建编辑会话,同页跨宿主，选择/滚动/筛选保持
主题,深/浅/系统偏好,CSS变量与偏好更新,不换对象key或替换未保存DOM,中文组合中切主题后正文仍完整
新建菜单,真实可用对象类型,笔记/原件/目标按实际能力,标签与动作一致,创建失败保留用户输入
搜索,可用/索引更新/不可用,查询、范围、结果类型与深链接,无远程AI时可用本地检索仍工作,键盘选择返回，未来能力打开详情
编辑器,读/写/原件/历史,输入、选区、撤销、粘贴、块引用,成熟编辑模型；禁止保存演示HTML,中文IME和多文档不互相污染
保存提示,未保存/提交中/已持久化/失败,匹配对象版本的实际回执,迟到回执不能覆盖新编辑状态,离线/错误/重启分别验证
来源详情,绑定/未绑定/不适用/未知,原件身份、定位、版本与损失,按需展开；原件与解释分开,跳转真实来源与旧锚点
内容资格,依据/采用/掌握/AI资格分别读取,投影当前已存在状态,不建立总分或合并成总绿灯,折叠展示仍保持独立业务语义
Inspector,打开/关闭/抽屉,对象属性、引用、关系与历史,收起不清空正文/选中项,窄屏能打开、关闭并返回
版本比较,加载/可比/不可用/冲突,真实旧新版本与草稿,只读比较和修订动作分开,取消仍可找回草稿
课程播放器,可读/加载/失败/降级,固定版本图文/媒体/场景,不同形态独立；代码执行另授权,长内容和下一活动保持位置
练习,未作答/作答/提交/反馈,题目、rubric、actor、版本,提示/AI帮助有记录；事实事件来自Core,重复提交按现有幂等，不能假掌握
阶段视图,草稿/待审/待修改/交付结果,已有课程/候选/产物关联,状态名复用现有合同；不是新增enum,深链接可回需求/方案及历史
导入结果,待处理/成功/部分失败/取消,逐文件原件及转换回执,取消不假称删除已持久化项,仅重试失败项且不重复原件
备份恢复,待检查/可用/阻塞/执行/待回读,Core备份ID、schema及操作回执,真实执行资格由Core判断,错误、确认、副本回读有证据
任务回执,队列/运行/取消/完成/失败,实际任务、预算、检查点与权限,不把设计提示当Worker输出,取消保留已提交记录
Toast,轻量状态反馈,成功或可短述提示,不替代持久错误/损失/恢复结果,可访问播报不抢编辑焦点
Dialog,打开/确认/等待/失败/关闭,真实触发对象与高影响动作,锁焦点/键盘/关闭返回；不重复提交,Escape/Tab/背景/恢复焦点分别核对
列表,空/加载/结果/错误/大数据,真实分页/过滤/排序/選中项,已有模板分页复用；不按演示数据限制行数,长标题/千级条目按实际列表能力验证
能力详情,已实现/未验证/保留/未知等现有投影,独立细项基线、依赖、动作与证据,身份/状态来自当前权威；非第二进度库,普通用户检索可达全部保留细项
