上下文,动作,业务依赖,必须输出,失败与边界,原型替换要求
全局,搜索,可用Core/索引与能力目录,真实结果/范围/跳转,空态/不可用/权限筛选,原型只匹配演示标题，需替换
全局,新建笔记,现有新建与编辑对象,新对象身份与持久草稿,权限/错误/输入保留,固定演示03路由不能证明新建成功
03,保存,成熟编辑器→真实Core保存,对象+版本+回执,失败重试/冲突/IME,不得localStorage保存innerHTML冒充业务写入
03,原件/版本选项卡,真实来源对象/版本列表,对应真实内容视图,未绑定/缺失/不可用,必须切数据视图，不只换选中样式
03,显示来源,对象来源与当前窗口,Inspector或抽屉,来源未绑定可解释,必须展开信息，不能仅Toast
07,上一场景/继续学习,课程manifest及真实进度,实际场景变化、位置保持,首尾场景/缺失资产,不能泛化为演示提示按钮
08–10,保存/审阅/交付,已有课程候选/产物/权限合同,各自对象与版本回执,缺项保存/过期/幂等/冲突,登记、采用、执行分别接线
11,提交作答,真实actor、题目、rubric与事件,作答记录及真实反馈,重复提交/无结果/取消,演示规则反馈不能写成学习效果
11,请求提示,现有教学或AI提示能力,提示记录及使用范围,无模型/无余额仍可保存作答,无实际能力时说明原因，避免假成功
12,反馈与修订,真实反馈、知识/表达/技术责任关联,可追溯反馈和新修订,权限/版本/部分失败,原历史学习事件不覆盖
13–14,采用/纠正/复测/撤回,既有候选与复测能力,来源/范围/结果/使用回执,失败/资格/撤回后使用,复用已存在基础，先核对接口
15,模板分页/插件详情,现有分页/资源注册与真实状态,下一页/详情/实际接入条件,不可用/未安装/许可,目录数不等于接入数
16,导入/导出,支持的格式与Core/CAS合同,原件、逐项结果、范围与损失,部分成功/取消/重试/不兼容,人工交换标注，四目标分别验证
17–18,能力卡与细项,当前CAP及独立细项权威投影,可读详情/已验证动作,未来/未知/缺失说明,目录可发现不等于引擎实现
19,备份/恢复,Core实际标识、兼容和恢复合同,检查/目标预览/操作回执/回读,损坏/未知/权限/失败,不能只展示设置卡片
20,比较版本/影响,真实引用谱系与消费者,旧新版本与受影响对象,来源不可用/范围权限,历史与活动权威分开
21,画布/图解编辑,已有布局对象与固定知识引用,布局变化及保存,离线/权限/资产缺失,知识真值不跟坐标变化
22,取消/检查点/回执,真实有限任务与权限,取消语义、提交记录、后续可继续条件,取消失败/运行中/结果未知,不凭UI动画声称真实执行
