批次,场景,输入或操作,通过条件,当前结论
核心,中文编辑与主题,连续中文组合、选区、撤销中切换主题,输入及选区不被重建丢失；保存回执匹配当前对象,NOT_EXECUTED；未来按实际环境验证
核心,两个文档草稿,A未保存编辑→打开B→回A→重启,A/B内容不串；恢复内容来自实际持久草稿,NOT_EXECUTED；未来按实际环境验证
核心,迟到回执,连续编辑产生先后保存请求，回执乱序,旧回执不能误标最新编辑已保存,NOT_EXECUTED；未来按实际环境验证
核心,真实离线保存,断远程网络/无余额，写普通笔记,具备本地持久化时真实保存；同步待处理独立显示,NOT_EXECUTED；未来按实际环境验证
核心,无持久化能力,浏览器能力不足或保存接口失败,明确未保存/原因，保留输入和可用导出/复制入口,NOT_EXECUTED；未来按实际环境验证
核心,保存失败,触发现有可控持久化失败后重试,保留正文、正确重试，不虚假成功,NOT_EXECUTED；未来按实际环境验证
核心,版本冲突,在草稿基础上引入真实更新版本,显示比较与合法处理；不静默覆盖，取消保留草稿,NOT_EXECUTED；未来按实际环境验证
核心,窗口与缩放,1600/1280/1024及100/125/150%缩放,正文可读；详情可收起；控件和文本可访问,NOT_EXECUTED；未来按实际环境验证
核心,键盘与输入法,搜索、菜单、弹窗、Escape、Tab和IME,焦点完整；输入法期间快捷键不误触；关闭返回触发处,NOT_EXECUTED；未来按实际环境验证
核心,Tauri与浏览器,同对象同旅程在两个宿主,相同产品页面；实际能力不足有真实原因与替代,NOT_EXECUTED；未来按实际环境验证
核心,旧行为承接,逐个旧深链接、快捷键、筛选、草稿恢复入口,独有行为明确承接后才能退出旧入口,NOT_EXECUTED；未来按实际环境验证
核心,备份标识,用Core实际生成名称从正常设置入口选择,合法Core标识不被UI错误拒绝，机器ID不靠文本拼接,NOT_EXECUTED；未来按实际环境验证
核心,恢复失败,在隔离副本检查损坏/不兼容备份,不能开始不支持的恢复；错误可定位，不改原实例,NOT_EXECUTED；未来按实际环境验证
核心,恢复回读,在获准的隔离副本完成真实恢复与重启,知识/原件/CAS/引用/版本/草稿一致；待回读不误标完成,NOT_EXECUTED；未来按实际环境验证
学习,全生命周期,目标→诊断/先修→活动→反馈→复习巩固,路线可解释；主动提取/实战/Teach-back等保留,NOT_EXECUTED；未来按实际环境验证
学习,播放与掌握,完成课件播放但无作答和学习证据,只增加真实播放/进度记录，掌握维持未评估,NOT_EXECUTED；未来按实际环境验证
学习,题目与版本,交付新课程修订后查看旧学习事件,旧题目/rubric/引用可追溯，不被新版本覆盖,NOT_EXECUTED；未来按实际环境验证
交换,人工课程交换,手工接收产物，重复提交与同ID异内容,身份/版本/hash/用途/幂等分别检查；显示人工交换,NOT_EXECUTED；未来按实际环境验证
交换,外部反馈身份,外部生产者提交教学/技术反馈,不冒充human学习事件；接收与采用分别记录,NOT_EXECUTED；未来按实际环境验证
AI,纠正复测,已有回答→修订候选→真实复测→按范围采用,失败差异和使用回执可查，不以自评代独立评测,NOT_EXECUTED；未来按实际环境验证
AI,候选撤回,已采用候选撤回后读取旧回执,撤回范围生效，旧历史不改写,NOT_EXECUTED；未来按实际环境验证
资源,大数据与长文,长标题、长课程、千级列表/模板分页,组件持续可读；分页、滚动、选择不受截图行数限制,NOT_EXECUTED；未来按实际环境验证
资源,部分导入与取消,批量中成功/失败/取消混合,原件与转换分开；成功项可定位，仅重试失败项,NOT_EXECUTED；未来按实际环境验证
能力,目录与细项,普通用户用目录与搜索找独立基线细项,未来详情可打开，16父项不能代替全部细项,NOT_EXECUTED；未来按实际环境验证
安全,外部课件,展示外部HTML/代码并尝试宿主调用,按现有隔离/权限实际拒绝；iframe字样不算证据,NOT_EXECUTED；未来按实际环境验证
文档,消费者与权威,读取活动任务、历史来源与生成消费者,新旧状态与来源清楚；既有修正不重复施工,NOT_EXECUTED；未来按实际环境验证
独立待办,CI与体积,核对暂停任务与原体积治理登记,仍独立待办，不因设计包完成宣告通过,NOT_EXECUTED；未来按实际环境验证
