route,原名称,空间,处理,兼容别名
home,首页,工作台,二级/上下文入口；保留旧命令和 handler,工作台
capture,捕获,资料与知识,二级/上下文入口；保留旧命令和 handler,Capture
library,资料库,资料与知识,二级/上下文入口；保留旧命令和 handler,资料与知识
search,搜索,资料与知识,二级/上下文入口；保留旧命令和 handler,Search
source-reader,原件阅读,资料与知识,对象详情；从来源选择进入，保留旧命令,导入阅读
knowledge,知识库,资料与知识,二级/上下文入口；保留旧命令和 handler,知识详情
original-editor,原创,资料与知识,对象详情；从来源选择进入，保留旧命令,"原件编辑, 编辑原件"
memory-map,记忆地图,学习,学习空间的保留能力，图数据不足用真实列表或不可用说明,"Memory Map, 记忆图谱"
learning,人类学习,学习,二级/上下文入口；保留旧命令和 handler,"学习, 学习路径"
review,复习 / FSRS,学习,二级/上下文入口；保留旧命令和 handler,"复习, Review"
evidence,证据库,证据,二级/上下文入口；保留旧命令和 handler,证据中心
research,研究,资料与知识,保留路由，缺少生产 API 时进入能力状态说明,
machine-growth,机器学习,机器知识,任务读回复用；完整运行/纠错/复测不得伪装接通,机器知识
workspace,工作区,资料与知识,二级/上下文入口；保留旧命令和 handler,
jobs,任务,工作台,二级/上下文入口；保留旧命令和 handler,任务收据
plugins,插件,系统,保留路由，缺少生产 API 时进入能力状态说明,
models,模型,系统,保留路由，缺少生产 API 时进入能力状态说明,
recovery,恢复,系统,二级/上下文入口；保留旧命令和 handler,
settings,设置,系统,二级/上下文入口；保留旧命令和 handler,系统
